model,level,module,module_short,problem_index,expected_answer,model_answer,answered,correct,finish_reason,input_tokens,output_tokens
qwen3-235b-a22b-thinking-2507,level-1,geometric__basic_geometric_programming__qwen3-235b-a22b-thinking-2507,geometric__basic_geometric_programming__qwen3-235b-a22b-thinking-2507,1,4.548709019261542,4.55,True,True,stop,249,6290
qwen3-235b-a22b-thinking-2507,level-1,geometric__basic_geometric_programming__qwen3-235b-a22b-thinking-2507,geometric__basic_geometric_programming__qwen3-235b-a22b-thinking-2507,2,4.887946004031309,4.89,True,True,stop,247,9711
qwen3-235b-a22b-thinking-2507,level-1,geometric__basic_geometric_programming__qwen3-235b-a22b-thinking-2507,geometric__basic_geometric_programming__qwen3-235b-a22b-thinking-2507,3,10.377836942638526,10.38,True,True,stop,247,8008
qwen3-235b-a22b-thinking-2507,level-1,geometric__basic_geometric_programming__qwen3-235b-a22b-thinking-2507,geometric__basic_geometric_programming__qwen3-235b-a22b-thinking-2507,4,2.4641644924084076,2.46,True,True,stop,242,4027
qwen3-235b-a22b-thinking-2507,level-1,geometric__basic_geometric_programming__qwen3-235b-a22b-thinking-2507,geometric__basic_geometric_programming__qwen3-235b-a22b-thinking-2507,5,5.6493565802172885,5.65,True,True,stop,247,5237
qwen3-235b-a22b-thinking-2507,level-1,geometric__basic_geometric_programming__qwen3-235b-a22b-thinking-2507,geometric__basic_geometric_programming__qwen3-235b-a22b-thinking-2507,6,0.5052635015571901,0.51,True,True,stop,243,5351
qwen3-235b-a22b-thinking-2507,level-1,geometric__basic_geometric_programming__qwen3-235b-a22b-thinking-2507,geometric__basic_geometric_programming__qwen3-235b-a22b-thinking-2507,7,6.456905931863859,6.46,True,True,stop,250,9292
qwen3-235b-a22b-thinking-2507,level-1,geometric__basic_geometric_programming__qwen3-235b-a22b-thinking-2507,geometric__basic_geometric_programming__qwen3-235b-a22b-thinking-2507,8,7.071067923326792,7.07,True,True,stop,250,6923
qwen3-235b-a22b-thinking-2507,level-1,geometric__basic_geometric_programming__qwen3-235b-a22b-thinking-2507,geometric__basic_geometric_programming__qwen3-235b-a22b-thinking-2507,9,6.9893416927981535,6.99,True,True,stop,248,5854
qwen3-235b-a22b-thinking-2507,level-1,geometric__basic_geometric_programming__qwen3-235b-a22b-thinking-2507,geometric__basic_geometric_programming__qwen3-235b-a22b-thinking-2507,10,3.232229393816509,3.23,True,True,stop,245,8254
qwen3-235b-a22b-thinking-2507,level-1,geometric__basic_geometric_programming__qwen3-235b-a22b-thinking-2507,geometric__basic_geometric_programming__qwen3-235b-a22b-thinking-2507,11,5.4713896158365,5.47,True,True,stop,248,5150
qwen3-235b-a22b-thinking-2507,level-1,geometric__basic_geometric_programming__qwen3-235b-a22b-thinking-2507,geometric__basic_geometric_programming__qwen3-235b-a22b-thinking-2507,12,5.4993712995503214,5.5,True,True,stop,251,6972
qwen3-235b-a22b-thinking-2507,level-1,geometric__basic_geometric_programming__qwen3-235b-a22b-thinking-2507,geometric__basic_geometric_programming__qwen3-235b-a22b-thinking-2507,13,3.1275290028521763,3.13,True,True,stop,241,6139
qwen3-235b-a22b-thinking-2507,level-1,geometric__basic_geometric_programming__qwen3-235b-a22b-thinking-2507,geometric__basic_geometric_programming__qwen3-235b-a22b-thinking-2507,14,3.401415065162398,3.4,True,True,stop,244,5883
qwen3-235b-a22b-thinking-2507,level-1,geometric__basic_geometric_programming__qwen3-235b-a22b-thinking-2507,geometric__basic_geometric_programming__qwen3-235b-a22b-thinking-2507,15,0.708641913812714,0.71,True,True,stop,253,5344
qwen3-235b-a22b-thinking-2507,level-1,geometric__basic_geometric_programming__qwen3-235b-a22b-thinking-2507,geometric__basic_geometric_programming__qwen3-235b-a22b-thinking-2507,16,1.2000000183156512,1.33,True,False,stop,247,6340
qwen3-235b-a22b-thinking-2507,level-1,geometric__basic_geometric_programming__qwen3-235b-a22b-thinking-2507,geometric__basic_geometric_programming__qwen3-235b-a22b-thinking-2507,17,0.7142857141609549,0.71,True,True,stop,250,6313
qwen3-235b-a22b-thinking-2507,level-1,geometric__basic_geometric_programming__qwen3-235b-a22b-thinking-2507,geometric__basic_geometric_programming__qwen3-235b-a22b-thinking-2507,18,3.991747179179267,3.99,True,True,stop,248,5412
qwen3-235b-a22b-thinking-2507,level-1,geometric__basic_geometric_programming__qwen3-235b-a22b-thinking-2507,geometric__basic_geometric_programming__qwen3-235b-a22b-thinking-2507,19,3.2586307058684336,1.01,True,False,stop,253,6783
qwen3-235b-a22b-thinking-2507,level-1,geometric__basic_geometric_programming__qwen3-235b-a22b-thinking-2507,geometric__basic_geometric_programming__qwen3-235b-a22b-thinking-2507,20,1.399999992609109,1.59,True,False,stop,246,4874
qwen3-235b-a22b-thinking-2507,level-1,geometric__basic_geometric_programming__qwen3-235b-a22b-thinking-2507,geometric__basic_geometric_programming__qwen3-235b-a22b-thinking-2507,21,5.152371969265797,3.52,True,False,stop,245,6003
qwen3-235b-a22b-thinking-2507,level-1,geometric__basic_geometric_programming__qwen3-235b-a22b-thinking-2507,geometric__basic_geometric_programming__qwen3-235b-a22b-thinking-2507,22,4.14640395801335,4.15,True,True,stop,248,5091
qwen3-235b-a22b-thinking-2507,level-1,geometric__basic_geometric_programming__qwen3-235b-a22b-thinking-2507,geometric__basic_geometric_programming__qwen3-235b-a22b-thinking-2507,23,12.277684155734296,12.28,True,True,stop,248,9278
qwen3-235b-a22b-thinking-2507,level-1,geometric__basic_geometric_programming__qwen3-235b-a22b-thinking-2507,geometric__basic_geometric_programming__qwen3-235b-a22b-thinking-2507,24,6.932856366824589,0.25,True,False,stop,251,6806
qwen3-235b-a22b-thinking-2507,level-1,geometric__basic_geometric_programming__qwen3-235b-a22b-thinking-2507,geometric__basic_geometric_programming__qwen3-235b-a22b-thinking-2507,25,5.984235914164003,5.98,True,True,stop,253,12130
qwen3-235b-a22b-thinking-2507,level-1,linear_programming__non_trivial_linear_programming__qwen3-235b-a22b-thinking-2507,linear_programming__non_trivial_linear_programming__qwen3-235b-a22b-thinking-2507,1,-10.0,-10.0,True,True,stop,242,2858
qwen3-235b-a22b-thinking-2507,level-1,linear_programming__non_trivial_linear_programming__qwen3-235b-a22b-thinking-2507,linear_programming__non_trivial_linear_programming__qwen3-235b-a22b-thinking-2507,2,-8.0,-8.0,True,True,stop,244,3676
qwen3-235b-a22b-thinking-2507,level-1,linear_programming__non_trivial_linear_programming__qwen3-235b-a22b-thinking-2507,linear_programming__non_trivial_linear_programming__qwen3-235b-a22b-thinking-2507,3,-8.0,-8.0,True,True,stop,242,2153
qwen3-235b-a22b-thinking-2507,level-1,linear_programming__non_trivial_linear_programming__qwen3-235b-a22b-thinking-2507,linear_programming__non_trivial_linear_programming__qwen3-235b-a22b-thinking-2507,4,-6.0,-6.0,True,True,stop,242,6158
qwen3-235b-a22b-thinking-2507,level-1,linear_programming__non_trivial_linear_programming__qwen3-235b-a22b-thinking-2507,linear_programming__non_trivial_linear_programming__qwen3-235b-a22b-thinking-2507,5,-18.0,-18.0,True,True,stop,245,1629
qwen3-235b-a22b-thinking-2507,level-1,linear_programming__non_trivial_linear_programming__qwen3-235b-a22b-thinking-2507,linear_programming__non_trivial_linear_programming__qwen3-235b-a22b-thinking-2507,6,-1.0,-1.0,True,True,stop,244,3163
qwen3-235b-a22b-thinking-2507,level-1,linear_programming__non_trivial_linear_programming__qwen3-235b-a22b-thinking-2507,linear_programming__non_trivial_linear_programming__qwen3-235b-a22b-thinking-2507,7,-30.0,-30.0,True,True,stop,243,6560
qwen3-235b-a22b-thinking-2507,level-1,linear_programming__non_trivial_linear_programming__qwen3-235b-a22b-thinking-2507,linear_programming__non_trivial_linear_programming__qwen3-235b-a22b-thinking-2507,8,12.0,12.0,True,True,stop,242,7238
qwen3-235b-a22b-thinking-2507,level-1,linear_programming__non_trivial_linear_programming__qwen3-235b-a22b-thinking-2507,linear_programming__non_trivial_linear_programming__qwen3-235b-a22b-thinking-2507,9,-42.0,-42.0,True,True,stop,242,2068
qwen3-235b-a22b-thinking-2507,level-1,linear_programming__non_trivial_linear_programming__qwen3-235b-a22b-thinking-2507,linear_programming__non_trivial_linear_programming__qwen3-235b-a22b-thinking-2507,10,12.0,12.0,True,True,stop,242,1227
qwen3-235b-a22b-thinking-2507,level-1,linear_programming__non_trivial_linear_programming__qwen3-235b-a22b-thinking-2507,linear_programming__non_trivial_linear_programming__qwen3-235b-a22b-thinking-2507,11,-40.0,-40.0,True,True,stop,243,4665
qwen3-235b-a22b-thinking-2507,level-1,linear_programming__non_trivial_linear_programming__qwen3-235b-a22b-thinking-2507,linear_programming__non_trivial_linear_programming__qwen3-235b-a22b-thinking-2507,12,20.0,20.0,True,True,stop,245,2518
qwen3-235b-a22b-thinking-2507,level-1,linear_programming__non_trivial_linear_programming__qwen3-235b-a22b-thinking-2507,linear_programming__non_trivial_linear_programming__qwen3-235b-a22b-thinking-2507,13,-27.0,-27.0,True,True,stop,241,1549
qwen3-235b-a22b-thinking-2507,level-1,linear_programming__non_trivial_linear_programming__qwen3-235b-a22b-thinking-2507,linear_programming__non_trivial_linear_programming__qwen3-235b-a22b-thinking-2507,14,-13.0,-13.0,True,True,stop,242,6244
qwen3-235b-a22b-thinking-2507,level-1,linear_programming__non_trivial_linear_programming__qwen3-235b-a22b-thinking-2507,linear_programming__non_trivial_linear_programming__qwen3-235b-a22b-thinking-2507,15,56.0,56.0,True,True,stop,245,1474
qwen3-235b-a22b-thinking-2507,level-1,linear_programming__non_trivial_linear_programming__qwen3-235b-a22b-thinking-2507,linear_programming__non_trivial_linear_programming__qwen3-235b-a22b-thinking-2507,16,-9.0,-9.0,True,True,stop,243,4094
qwen3-235b-a22b-thinking-2507,level-1,linear_programming__non_trivial_linear_programming__qwen3-235b-a22b-thinking-2507,linear_programming__non_trivial_linear_programming__qwen3-235b-a22b-thinking-2507,17,-32.0,-32.0,True,True,stop,244,876
qwen3-235b-a22b-thinking-2507,level-1,linear_programming__non_trivial_linear_programming__qwen3-235b-a22b-thinking-2507,linear_programming__non_trivial_linear_programming__qwen3-235b-a22b-thinking-2507,18,-36.0,-36.0,True,True,stop,244,1052
qwen3-235b-a22b-thinking-2507,level-1,linear_programming__non_trivial_linear_programming__qwen3-235b-a22b-thinking-2507,linear_programming__non_trivial_linear_programming__qwen3-235b-a22b-thinking-2507,19,-12.0,-12.0,True,True,stop,241,6003
qwen3-235b-a22b-thinking-2507,level-1,linear_programming__non_trivial_linear_programming__qwen3-235b-a22b-thinking-2507,linear_programming__non_trivial_linear_programming__qwen3-235b-a22b-thinking-2507,20,4.0,4.0,True,True,stop,242,3435
qwen3-235b-a22b-thinking-2507,level-1,linear_programming__non_trivial_linear_programming__qwen3-235b-a22b-thinking-2507,linear_programming__non_trivial_linear_programming__qwen3-235b-a22b-thinking-2507,21,8.0,8.0,True,True,stop,244,3596
qwen3-235b-a22b-thinking-2507,level-1,linear_programming__non_trivial_linear_programming__qwen3-235b-a22b-thinking-2507,linear_programming__non_trivial_linear_programming__qwen3-235b-a22b-thinking-2507,22,8.0,8.0,True,True,stop,240,731
qwen3-235b-a22b-thinking-2507,level-1,linear_programming__non_trivial_linear_programming__qwen3-235b-a22b-thinking-2507,linear_programming__non_trivial_linear_programming__qwen3-235b-a22b-thinking-2507,23,12.0,12.0,True,True,stop,244,1137
qwen3-235b-a22b-thinking-2507,level-1,linear_programming__non_trivial_linear_programming__qwen3-235b-a22b-thinking-2507,linear_programming__non_trivial_linear_programming__qwen3-235b-a22b-thinking-2507,24,45.0,45.0,True,True,stop,242,3354
qwen3-235b-a22b-thinking-2507,level-1,linear_programming__non_trivial_linear_programming__qwen3-235b-a22b-thinking-2507,linear_programming__non_trivial_linear_programming__qwen3-235b-a22b-thinking-2507,25,9.0,9.0,True,True,stop,243,2794
qwen3-235b-a22b-thinking-2507,level-1,quadratic_constrained_quadratic_programming__basic_qcqp__qwen3-235b-a22b-thinking-2507,quadratic_constrained_quadratic_programming__basic_qcqp__qwen3-235b-a22b-thinking-2507,1,-2.9457227954162417,-2.95,True,True,stop,275,15167
qwen3-235b-a22b-thinking-2507,level-1,quadratic_constrained_quadratic_programming__basic_qcqp__qwen3-235b-a22b-thinking-2507,quadratic_constrained_quadratic_programming__basic_qcqp__qwen3-235b-a22b-thinking-2507,2,-0.5000000000000001,-1.5,True,False,stop,273,3553
qwen3-235b-a22b-thinking-2507,level-1,quadratic_constrained_quadratic_programming__basic_qcqp__qwen3-235b-a22b-thinking-2507,quadratic_constrained_quadratic_programming__basic_qcqp__qwen3-235b-a22b-thinking-2507,3,-3.1999999999999997,-3.2,True,True,stop,276,3644
qwen3-235b-a22b-thinking-2507,level-1,quadratic_constrained_quadratic_programming__basic_qcqp__qwen3-235b-a22b-thinking-2507,quadratic_constrained_quadratic_programming__basic_qcqp__qwen3-235b-a22b-thinking-2507,4,-1.3448275862068964,-1.34,True,True,stop,276,3097
qwen3-235b-a22b-thinking-2507,level-1,quadratic_constrained_quadratic_programming__basic_qcqp__qwen3-235b-a22b-thinking-2507,quadratic_constrained_quadratic_programming__basic_qcqp__qwen3-235b-a22b-thinking-2507,5,-1.5445840040597094,-1.54,True,True,stop,272,17733
qwen3-235b-a22b-thinking-2507,level-1,quadratic_constrained_quadratic_programming__basic_qcqp__qwen3-235b-a22b-thinking-2507,quadratic_constrained_quadratic_programming__basic_qcqp__qwen3-235b-a22b-thinking-2507,6,-6.841533365055232,,False,,,274,18055
qwen3-235b-a22b-thinking-2507,level-1,quadratic_constrained_quadratic_programming__basic_qcqp__qwen3-235b-a22b-thinking-2507,quadratic_constrained_quadratic_programming__basic_qcqp__qwen3-235b-a22b-thinking-2507,7,-0.2884615384615385,-195.00000000000003,True,False,stop,276,4184
qwen3-235b-a22b-thinking-2507,level-1,quadratic_constrained_quadratic_programming__basic_qcqp__qwen3-235b-a22b-thinking-2507,quadratic_constrained_quadratic_programming__basic_qcqp__qwen3-235b-a22b-thinking-2507,8,-2.4941789126570786,-2.49,True,True,stop,276,16858
qwen3-235b-a22b-thinking-2507,level-1,quadratic_constrained_quadratic_programming__basic_qcqp__qwen3-235b-a22b-thinking-2507,quadratic_constrained_quadratic_programming__basic_qcqp__qwen3-235b-a22b-thinking-2507,9,-4.0357142857142865,-4.04,True,True,stop,276,3781
qwen3-235b-a22b-thinking-2507,level-1,quadratic_constrained_quadratic_programming__basic_qcqp__qwen3-235b-a22b-thinking-2507,quadratic_constrained_quadratic_programming__basic_qcqp__qwen3-235b-a22b-thinking-2507,10,-3.413793103448276,-3.41,True,True,stop,276,3372
qwen3-235b-a22b-thinking-2507,level-1,quadratic_constrained_quadratic_programming__basic_qcqp__qwen3-235b-a22b-thinking-2507,quadratic_constrained_quadratic_programming__basic_qcqp__qwen3-235b-a22b-thinking-2507,11,-1.0,-1.0,True,True,stop,273,4418
qwen3-235b-a22b-thinking-2507,level-1,quadratic_constrained_quadratic_programming__basic_qcqp__qwen3-235b-a22b-thinking-2507,quadratic_constrained_quadratic_programming__basic_qcqp__qwen3-235b-a22b-thinking-2507,12,-1.1363636363636362,-1.14,True,True,stop,276,4103
qwen3-235b-a22b-thinking-2507,level-1,quadratic_constrained_quadratic_programming__basic_qcqp__qwen3-235b-a22b-thinking-2507,quadratic_constrained_quadratic_programming__basic_qcqp__qwen3-235b-a22b-thinking-2507,13,-2.4146033136827745,,False,,,273,21976
qwen3-235b-a22b-thinking-2507,level-1,quadratic_constrained_quadratic_programming__basic_qcqp__qwen3-235b-a22b-thinking-2507,quadratic_constrained_quadratic_programming__basic_qcqp__qwen3-235b-a22b-thinking-2507,14,-0.5357142857142856,-15.0,True,False,stop,273,4001
qwen3-235b-a22b-thinking-2507,level-1,quadratic_constrained_quadratic_programming__basic_qcqp__qwen3-235b-a22b-thinking-2507,quadratic_constrained_quadratic_programming__basic_qcqp__qwen3-235b-a22b-thinking-2507,15,-0.6600000000000001,-1.66,True,False,stop,276,3935
qwen3-235b-a22b-thinking-2507,level-1,quadratic_constrained_quadratic_programming__basic_qcqp__qwen3-235b-a22b-thinking-2507,quadratic_constrained_quadratic_programming__basic_qcqp__qwen3-235b-a22b-thinking-2507,16,-2.8461538461538445,-2.85,True,True,stop,275,2946
qwen3-235b-a22b-thinking-2507,level-1,quadratic_constrained_quadratic_programming__basic_qcqp__qwen3-235b-a22b-thinking-2507,quadratic_constrained_quadratic_programming__basic_qcqp__qwen3-235b-a22b-thinking-2507,17,-3.499999999999999,-3.5,True,True,stop,274,2277
qwen3-235b-a22b-thinking-2507,level-1,quadratic_constrained_quadratic_programming__basic_qcqp__qwen3-235b-a22b-thinking-2507,quadratic_constrained_quadratic_programming__basic_qcqp__qwen3-235b-a22b-thinking-2507,18,-1.3636363636363638,-1.36,True,True,stop,276,3513
qwen3-235b-a22b-thinking-2507,level-1,quadratic_constrained_quadratic_programming__basic_qcqp__qwen3-235b-a22b-thinking-2507,quadratic_constrained_quadratic_programming__basic_qcqp__qwen3-235b-a22b-thinking-2507,19,-1.638410684448729,-1.64,True,True,stop,275,20941
qwen3-235b-a22b-thinking-2507,level-1,quadratic_constrained_quadratic_programming__basic_qcqp__qwen3-235b-a22b-thinking-2507,quadratic_constrained_quadratic_programming__basic_qcqp__qwen3-235b-a22b-thinking-2507,20,-5.100653152113239,-5.1,True,True,stop,276,16474
qwen3-235b-a22b-thinking-2507,level-1,quadratic_constrained_quadratic_programming__basic_qcqp__qwen3-235b-a22b-thinking-2507,quadratic_constrained_quadratic_programming__basic_qcqp__qwen3-235b-a22b-thinking-2507,21,-1.125,-1.13,True,True,stop,273,6547
qwen3-235b-a22b-thinking-2507,level-1,quadratic_constrained_quadratic_programming__basic_qcqp__qwen3-235b-a22b-thinking-2507,quadratic_constrained_quadratic_programming__basic_qcqp__qwen3-235b-a22b-thinking-2507,22,-4.583333333333335,-4.58,True,True,stop,276,3393
qwen3-235b-a22b-thinking-2507,level-1,quadratic_constrained_quadratic_programming__basic_qcqp__qwen3-235b-a22b-thinking-2507,quadratic_constrained_quadratic_programming__basic_qcqp__qwen3-235b-a22b-thinking-2507,23,-0.75,-1.75,True,False,stop,276,3378
qwen3-235b-a22b-thinking-2507,level-1,quadratic_constrained_quadratic_programming__basic_qcqp__qwen3-235b-a22b-thinking-2507,quadratic_constrained_quadratic_programming__basic_qcqp__qwen3-235b-a22b-thinking-2507,24,-0.8653846153846154,-1.87,True,False,stop,276,6429
qwen3-235b-a22b-thinking-2507,level-1,quadratic_constrained_quadratic_programming__basic_qcqp__qwen3-235b-a22b-thinking-2507,quadratic_constrained_quadratic_programming__basic_qcqp__qwen3-235b-a22b-thinking-2507,25,-0.8181818181818183,-9.08,True,False,stop,276,7720
qwen3-235b-a22b-thinking-2507,level-1,quadratic_programming__quadratic_programming__qwen3-235b-a22b-thinking-2507,quadratic_programming__quadratic_programming__qwen3-235b-a22b-thinking-2507,1,434.5000007998601,434.5,True,True,stop,289,4819
qwen3-235b-a22b-thinking-2507,level-1,quadratic_programming__quadratic_programming__qwen3-235b-a22b-thinking-2507,quadratic_programming__quadratic_programming__qwen3-235b-a22b-thinking-2507,2,52.22058823529397,52.21,True,False,stop,288,3734
qwen3-235b-a22b-thinking-2507,level-1,quadratic_programming__quadratic_programming__qwen3-235b-a22b-thinking-2507,quadratic_programming__quadratic_programming__qwen3-235b-a22b-thinking-2507,3,43.70710061257786,43.71,True,True,stop,286,5165
qwen3-235b-a22b-thinking-2507,level-1,quadratic_programming__quadratic_programming__qwen3-235b-a22b-thinking-2507,quadratic_programming__quadratic_programming__qwen3-235b-a22b-thinking-2507,4,59.625000077502335,59.63,True,True,stop,286,4279
qwen3-235b-a22b-thinking-2507,level-1,quadratic_programming__quadratic_programming__qwen3-235b-a22b-thinking-2507,quadratic_programming__quadratic_programming__qwen3-235b-a22b-thinking-2507,5,234.44117647058678,234.44,True,True,stop,290,3212
qwen3-235b-a22b-thinking-2507,level-1,quadratic_programming__quadratic_programming__qwen3-235b-a22b-thinking-2507,quadratic_programming__quadratic_programming__qwen3-235b-a22b-thinking-2507,6,139.75619837748158,139.76,True,True,stop,290,5380
qwen3-235b-a22b-thinking-2507,level-1,quadratic_programming__quadratic_programming__qwen3-235b-a22b-thinking-2507,quadratic_programming__quadratic_programming__qwen3-235b-a22b-thinking-2507,7,-8.500000000000002,-8.5,True,True,stop,287,1197
qwen3-235b-a22b-thinking-2507,level-1,quadratic_programming__quadratic_programming__qwen3-235b-a22b-thinking-2507,quadratic_programming__quadratic_programming__qwen3-235b-a22b-thinking-2507,8,1.1800000006661828,1.18,True,True,stop,289,3811
qwen3-235b-a22b-thinking-2507,level-1,quadratic_programming__quadratic_programming__qwen3-235b-a22b-thinking-2507,quadratic_programming__quadratic_programming__qwen3-235b-a22b-thinking-2507,9,13.313207548937555,13.32,True,True,stop,284,9101
qwen3-235b-a22b-thinking-2507,level-1,quadratic_programming__quadratic_programming__qwen3-235b-a22b-thinking-2507,quadratic_programming__quadratic_programming__qwen3-235b-a22b-thinking-2507,10,80.1666666805012,80.17,True,True,stop,289,1718
qwen3-235b-a22b-thinking-2507,level-1,quadratic_programming__quadratic_programming__qwen3-235b-a22b-thinking-2507,quadratic_programming__quadratic_programming__qwen3-235b-a22b-thinking-2507,11,248.7812521572996,248.78,True,True,stop,289,4180
qwen3-235b-a22b-thinking-2507,level-1,quadratic_programming__quadratic_programming__qwen3-235b-a22b-thinking-2507,quadratic_programming__quadratic_programming__qwen3-235b-a22b-thinking-2507,12,180.43425710188973,180.43,True,True,stop,288,6223
qwen3-235b-a22b-thinking-2507,level-1,quadratic_programming__quadratic_programming__qwen3-235b-a22b-thinking-2507,quadratic_programming__quadratic_programming__qwen3-235b-a22b-thinking-2507,13,35.00000012569968,35.0,True,True,stop,290,2960
qwen3-235b-a22b-thinking-2507,level-1,quadratic_programming__quadratic_programming__qwen3-235b-a22b-thinking-2507,quadratic_programming__quadratic_programming__qwen3-235b-a22b-thinking-2507,14,128.8749999999999,128.88,True,True,stop,288,3104
qwen3-235b-a22b-thinking-2507,level-1,quadratic_programming__quadratic_programming__qwen3-235b-a22b-thinking-2507,quadratic_programming__quadratic_programming__qwen3-235b-a22b-thinking-2507,15,-7.289256198347107,-7.29,True,True,stop,289,4969
qwen3-235b-a22b-thinking-2507,level-1,quadratic_programming__quadratic_programming__qwen3-235b-a22b-thinking-2507,quadratic_programming__quadratic_programming__qwen3-235b-a22b-thinking-2507,16,-10.343749966161802,-10.34,True,True,stop,288,4050
qwen3-235b-a22b-thinking-2507,level-1,quadratic_programming__quadratic_programming__qwen3-235b-a22b-thinking-2507,quadratic_programming__quadratic_programming__qwen3-235b-a22b-thinking-2507,17,8.42352941176462,8.42,True,True,stop,286,2335
qwen3-235b-a22b-thinking-2507,level-1,quadratic_programming__quadratic_programming__qwen3-235b-a22b-thinking-2507,quadratic_programming__quadratic_programming__qwen3-235b-a22b-thinking-2507,18,102.2264957264954,102.23,True,True,stop,287,7291
qwen3-235b-a22b-thinking-2507,level-1,quadratic_programming__quadratic_programming__qwen3-235b-a22b-thinking-2507,quadratic_programming__quadratic_programming__qwen3-235b-a22b-thinking-2507,19,0.9374999999999987,0.94,True,True,stop,287,3548
qwen3-235b-a22b-thinking-2507,level-1,quadratic_programming__quadratic_programming__qwen3-235b-a22b-thinking-2507,quadratic_programming__quadratic_programming__qwen3-235b-a22b-thinking-2507,20,-0.0689655172413792,-1.0,True,False,stop,286,3675
qwen3-235b-a22b-thinking-2507,level-1,quadratic_programming__quadratic_programming__qwen3-235b-a22b-thinking-2507,quadratic_programming__quadratic_programming__qwen3-235b-a22b-thinking-2507,21,6.399999999999943,6.4,True,True,stop,284,1961
qwen3-235b-a22b-thinking-2507,level-1,quadratic_programming__quadratic_programming__qwen3-235b-a22b-thinking-2507,quadratic_programming__quadratic_programming__qwen3-235b-a22b-thinking-2507,22,1.7896725440806143,1.79,True,True,stop,288,3905
qwen3-235b-a22b-thinking-2507,level-1,quadratic_programming__quadratic_programming__qwen3-235b-a22b-thinking-2507,quadratic_programming__quadratic_programming__qwen3-235b-a22b-thinking-2507,23,4.720000000000004,4.72,True,True,stop,288,1864
qwen3-235b-a22b-thinking-2507,level-1,quadratic_programming__quadratic_programming__qwen3-235b-a22b-thinking-2507,quadratic_programming__quadratic_programming__qwen3-235b-a22b-thinking-2507,24,0.27160493827160576,0.27,True,True,stop,282,4504
qwen3-235b-a22b-thinking-2507,level-1,quadratic_programming__quadratic_programming__qwen3-235b-a22b-thinking-2507,quadratic_programming__quadratic_programming__qwen3-235b-a22b-thinking-2507,25,-4.742647058823536,-4.74,True,True,stop,286,6851
qwen3-235b-a22b-thinking-2507,level-2,geometric__basic_geometric_programming__qwen3-235b-a22b-thinking-2507,geometric__basic_geometric_programming__qwen3-235b-a22b-thinking-2507,1,6.92820323027551,6.93,True,True,stop,264,7854
qwen3-235b-a22b-thinking-2507,level-2,geometric__basic_geometric_programming__qwen3-235b-a22b-thinking-2507,geometric__basic_geometric_programming__qwen3-235b-a22b-thinking-2507,2,20.533069176171747,20.53,True,True,stop,261,6527
qwen3-235b-a22b-thinking-2507,level-2,geometric__basic_geometric_programming__qwen3-235b-a22b-thinking-2507,geometric__basic_geometric_programming__qwen3-235b-a22b-thinking-2507,3,10.735871271461187,10.73,True,True,stop,268,13213
qwen3-235b-a22b-thinking-2507,level-2,geometric__basic_geometric_programming__qwen3-235b-a22b-thinking-2507,geometric__basic_geometric_programming__qwen3-235b-a22b-thinking-2507,4,11.45045682512972,11.45,True,True,stop,270,7546
qwen3-235b-a22b-thinking-2507,level-2,geometric__basic_geometric_programming__qwen3-235b-a22b-thinking-2507,geometric__basic_geometric_programming__qwen3-235b-a22b-thinking-2507,5,6.0,6.0,True,True,stop,262,3637
qwen3-235b-a22b-thinking-2507,level-2,geometric__basic_geometric_programming__qwen3-235b-a22b-thinking-2507,geometric__basic_geometric_programming__qwen3-235b-a22b-thinking-2507,6,8.048995012177526,8.05,True,True,stop,269,9404
qwen3-235b-a22b-thinking-2507,level-2,geometric__basic_geometric_programming__qwen3-235b-a22b-thinking-2507,geometric__basic_geometric_programming__qwen3-235b-a22b-thinking-2507,7,6.030226870855282,6.03,True,True,stop,264,4875
qwen3-235b-a22b-thinking-2507,level-2,geometric__basic_geometric_programming__qwen3-235b-a22b-thinking-2507,geometric__basic_geometric_programming__qwen3-235b-a22b-thinking-2507,8,4.4194338192452935,4.42,True,True,stop,259,7746
qwen3-235b-a22b-thinking-2507,level-2,geometric__basic_geometric_programming__qwen3-235b-a22b-thinking-2507,geometric__basic_geometric_programming__qwen3-235b-a22b-thinking-2507,9,6.621199478481605,6.62,True,True,stop,266,7465
qwen3-235b-a22b-thinking-2507,level-2,geometric__basic_geometric_programming__qwen3-235b-a22b-thinking-2507,geometric__basic_geometric_programming__qwen3-235b-a22b-thinking-2507,10,0.5499999974983946,0.55,True,True,stop,259,3386
qwen3-235b-a22b-thinking-2507,level-2,geometric__basic_geometric_programming__qwen3-235b-a22b-thinking-2507,geometric__basic_geometric_programming__qwen3-235b-a22b-thinking-2507,11,8.299100965226359,8.3,True,True,stop,266,9098
qwen3-235b-a22b-thinking-2507,level-2,geometric__basic_geometric_programming__qwen3-235b-a22b-thinking-2507,geometric__basic_geometric_programming__qwen3-235b-a22b-thinking-2507,12,9.155457280084267,9.15,True,True,stop,263,10081
qwen3-235b-a22b-thinking-2507,level-2,geometric__basic_geometric_programming__qwen3-235b-a22b-thinking-2507,geometric__basic_geometric_programming__qwen3-235b-a22b-thinking-2507,13,4.9512081921894495,4.95,True,True,stop,261,5950
qwen3-235b-a22b-thinking-2507,level-2,geometric__basic_geometric_programming__qwen3-235b-a22b-thinking-2507,geometric__basic_geometric_programming__qwen3-235b-a22b-thinking-2507,14,5.808595708532616,5.81,True,True,stop,265,5594
qwen3-235b-a22b-thinking-2507,level-2,geometric__basic_geometric_programming__qwen3-235b-a22b-thinking-2507,geometric__basic_geometric_programming__qwen3-235b-a22b-thinking-2507,15,5.943886682393317,5.94,True,True,stop,264,4671
qwen3-235b-a22b-thinking-2507,level-2,geometric__basic_geometric_programming__qwen3-235b-a22b-thinking-2507,geometric__basic_geometric_programming__qwen3-235b-a22b-thinking-2507,16,3.4641016151377544,3.46,True,True,stop,263,6877
qwen3-235b-a22b-thinking-2507,level-2,geometric__basic_geometric_programming__qwen3-235b-a22b-thinking-2507,geometric__basic_geometric_programming__qwen3-235b-a22b-thinking-2507,17,3.6364306518917706,3.64,True,True,stop,260,6317
qwen3-235b-a22b-thinking-2507,level-2,geometric__basic_geometric_programming__qwen3-235b-a22b-thinking-2507,geometric__basic_geometric_programming__qwen3-235b-a22b-thinking-2507,18,6.121564668748527,6.12,True,True,stop,263,5461
qwen3-235b-a22b-thinking-2507,level-2,geometric__basic_geometric_programming__qwen3-235b-a22b-thinking-2507,geometric__basic_geometric_programming__qwen3-235b-a22b-thinking-2507,19,2.354362089405747,2.35,True,True,stop,258,10208
qwen3-235b-a22b-thinking-2507,level-2,geometric__basic_geometric_programming__qwen3-235b-a22b-thinking-2507,geometric__basic_geometric_programming__qwen3-235b-a22b-thinking-2507,20,0.7415246301196246,0.74,True,True,stop,263,5874
qwen3-235b-a22b-thinking-2507,level-2,geometric__basic_geometric_programming__qwen3-235b-a22b-thinking-2507,geometric__basic_geometric_programming__qwen3-235b-a22b-thinking-2507,21,13.16017119854099,13.16,True,True,stop,259,9672
qwen3-235b-a22b-thinking-2507,level-2,geometric__basic_geometric_programming__qwen3-235b-a22b-thinking-2507,geometric__basic_geometric_programming__qwen3-235b-a22b-thinking-2507,22,5.834599683236885,5.83,True,True,stop,256,5668
qwen3-235b-a22b-thinking-2507,level-2,geometric__basic_geometric_programming__qwen3-235b-a22b-thinking-2507,geometric__basic_geometric_programming__qwen3-235b-a22b-thinking-2507,23,10.187614242692456,10.19,True,True,stop,266,8798
qwen3-235b-a22b-thinking-2507,level-2,geometric__basic_geometric_programming__qwen3-235b-a22b-thinking-2507,geometric__basic_geometric_programming__qwen3-235b-a22b-thinking-2507,24,7.259726925787131,7.26,True,True,stop,266,8446
qwen3-235b-a22b-thinking-2507,level-2,geometric__basic_geometric_programming__qwen3-235b-a22b-thinking-2507,geometric__basic_geometric_programming__qwen3-235b-a22b-thinking-2507,25,20.70196703122801,20.7,True,True,stop,265,4449
qwen3-235b-a22b-thinking-2507,level-2,linear_programming__non_trivial_linear_programming__qwen3-235b-a22b-thinking-2507,linear_programming__non_trivial_linear_programming__qwen3-235b-a22b-thinking-2507,1,3.0,3.0,True,True,stop,253,4971
qwen3-235b-a22b-thinking-2507,level-2,linear_programming__non_trivial_linear_programming__qwen3-235b-a22b-thinking-2507,linear_programming__non_trivial_linear_programming__qwen3-235b-a22b-thinking-2507,2,3.0,3.0,True,True,stop,253,1780
qwen3-235b-a22b-thinking-2507,level-2,linear_programming__non_trivial_linear_programming__qwen3-235b-a22b-thinking-2507,linear_programming__non_trivial_linear_programming__qwen3-235b-a22b-thinking-2507,3,28.0,28.0,True,True,stop,255,4100
qwen3-235b-a22b-thinking-2507,level-2,linear_programming__non_trivial_linear_programming__qwen3-235b-a22b-thinking-2507,linear_programming__non_trivial_linear_programming__qwen3-235b-a22b-thinking-2507,4,2.0,2.0,True,True,stop,255,2797
qwen3-235b-a22b-thinking-2507,level-2,linear_programming__non_trivial_linear_programming__qwen3-235b-a22b-thinking-2507,linear_programming__non_trivial_linear_programming__qwen3-235b-a22b-thinking-2507,5,46.0,46.0,True,True,stop,261,3659
qwen3-235b-a22b-thinking-2507,level-2,linear_programming__non_trivial_linear_programming__qwen3-235b-a22b-thinking-2507,linear_programming__non_trivial_linear_programming__qwen3-235b-a22b-thinking-2507,6,-72.0,-72.0,True,True,stop,258,4022
qwen3-235b-a22b-thinking-2507,level-2,linear_programming__non_trivial_linear_programming__qwen3-235b-a22b-thinking-2507,linear_programming__non_trivial_linear_programming__qwen3-235b-a22b-thinking-2507,7,2.0,2.0,True,True,stop,257,3053
qwen3-235b-a22b-thinking-2507,level-2,linear_programming__non_trivial_linear_programming__qwen3-235b-a22b-thinking-2507,linear_programming__non_trivial_linear_programming__qwen3-235b-a22b-thinking-2507,8,38.0,38.0,True,True,stop,253,3876
qwen3-235b-a22b-thinking-2507,level-2,linear_programming__non_trivial_linear_programming__qwen3-235b-a22b-thinking-2507,linear_programming__non_trivial_linear_programming__qwen3-235b-a22b-thinking-2507,9,93.0,93.0,True,True,stop,255,6026
qwen3-235b-a22b-thinking-2507,level-2,linear_programming__non_trivial_linear_programming__qwen3-235b-a22b-thinking-2507,linear_programming__non_trivial_linear_programming__qwen3-235b-a22b-thinking-2507,10,72.0,72.0,True,True,stop,255,3977
qwen3-235b-a22b-thinking-2507,level-2,linear_programming__non_trivial_linear_programming__qwen3-235b-a22b-thinking-2507,linear_programming__non_trivial_linear_programming__qwen3-235b-a22b-thinking-2507,11,40.0,40.0,True,True,stop,255,3671
qwen3-235b-a22b-thinking-2507,level-2,linear_programming__non_trivial_linear_programming__qwen3-235b-a22b-thinking-2507,linear_programming__non_trivial_linear_programming__qwen3-235b-a22b-thinking-2507,12,12.0,12.0,True,True,stop,257,4149
qwen3-235b-a22b-thinking-2507,level-2,linear_programming__non_trivial_linear_programming__qwen3-235b-a22b-thinking-2507,linear_programming__non_trivial_linear_programming__qwen3-235b-a22b-thinking-2507,13,4.0,4.0,True,True,stop,254,1212
qwen3-235b-a22b-thinking-2507,level-2,linear_programming__non_trivial_linear_programming__qwen3-235b-a22b-thinking-2507,linear_programming__non_trivial_linear_programming__qwen3-235b-a22b-thinking-2507,14,-16.0,-16.0,True,True,stop,256,1274
qwen3-235b-a22b-thinking-2507,level-2,linear_programming__non_trivial_linear_programming__qwen3-235b-a22b-thinking-2507,linear_programming__non_trivial_linear_programming__qwen3-235b-a22b-thinking-2507,15,41.0,41.0,True,True,stop,255,6361
qwen3-235b-a22b-thinking-2507,level-2,linear_programming__non_trivial_linear_programming__qwen3-235b-a22b-thinking-2507,linear_programming__non_trivial_linear_programming__qwen3-235b-a22b-thinking-2507,16,-22.0,-22.0,True,True,stop,255,3900
qwen3-235b-a22b-thinking-2507,level-2,linear_programming__non_trivial_linear_programming__qwen3-235b-a22b-thinking-2507,linear_programming__non_trivial_linear_programming__qwen3-235b-a22b-thinking-2507,17,12.0,12.0,True,True,stop,252,5843
qwen3-235b-a22b-thinking-2507,level-2,linear_programming__non_trivial_linear_programming__qwen3-235b-a22b-thinking-2507,linear_programming__non_trivial_linear_programming__qwen3-235b-a22b-thinking-2507,18,5.0,5.0,True,True,stop,255,2466
qwen3-235b-a22b-thinking-2507,level-2,linear_programming__non_trivial_linear_programming__qwen3-235b-a22b-thinking-2507,linear_programming__non_trivial_linear_programming__qwen3-235b-a22b-thinking-2507,19,-63.0,-63.0,True,True,stop,257,1836
qwen3-235b-a22b-thinking-2507,level-2,linear_programming__non_trivial_linear_programming__qwen3-235b-a22b-thinking-2507,linear_programming__non_trivial_linear_programming__qwen3-235b-a22b-thinking-2507,20,30.0,30.0,True,True,stop,255,4420
qwen3-235b-a22b-thinking-2507,level-2,linear_programming__non_trivial_linear_programming__qwen3-235b-a22b-thinking-2507,linear_programming__non_trivial_linear_programming__qwen3-235b-a22b-thinking-2507,21,10.0,10.0,True,True,stop,254,3594
qwen3-235b-a22b-thinking-2507,level-2,linear_programming__non_trivial_linear_programming__qwen3-235b-a22b-thinking-2507,linear_programming__non_trivial_linear_programming__qwen3-235b-a22b-thinking-2507,22,3.0,3.0,True,True,stop,256,1067
qwen3-235b-a22b-thinking-2507,level-2,linear_programming__non_trivial_linear_programming__qwen3-235b-a22b-thinking-2507,linear_programming__non_trivial_linear_programming__qwen3-235b-a22b-thinking-2507,23,-18.0,-18.0,True,True,stop,257,3419
qwen3-235b-a22b-thinking-2507,level-2,linear_programming__non_trivial_linear_programming__qwen3-235b-a22b-thinking-2507,linear_programming__non_trivial_linear_programming__qwen3-235b-a22b-thinking-2507,24,10.0,10.0,True,True,stop,254,5808
qwen3-235b-a22b-thinking-2507,level-2,linear_programming__non_trivial_linear_programming__qwen3-235b-a22b-thinking-2507,linear_programming__non_trivial_linear_programming__qwen3-235b-a22b-thinking-2507,25,-40.0,-40.0,True,True,stop,251,3451
qwen3-235b-a22b-thinking-2507,level-2,quadratic_constrained_quadratic_programming__basic_qcqp__qwen3-235b-a22b-thinking-2507,quadratic_constrained_quadratic_programming__basic_qcqp__qwen3-235b-a22b-thinking-2507,1,-1.6428571428571428,-1.64,True,True,stop,313,3259
qwen3-235b-a22b-thinking-2507,level-2,quadratic_constrained_quadratic_programming__basic_qcqp__qwen3-235b-a22b-thinking-2507,quadratic_constrained_quadratic_programming__basic_qcqp__qwen3-235b-a22b-thinking-2507,2,-1.5000000000000002,-1.5,True,True,stop,316,2065
qwen3-235b-a22b-thinking-2507,level-2,quadratic_constrained_quadratic_programming__basic_qcqp__qwen3-235b-a22b-thinking-2507,quadratic_constrained_quadratic_programming__basic_qcqp__qwen3-235b-a22b-thinking-2507,3,-0.5999999999999999,-1.6,True,False,stop,316,2741
qwen3-235b-a22b-thinking-2507,level-2,quadratic_constrained_quadratic_programming__basic_qcqp__qwen3-235b-a22b-thinking-2507,quadratic_constrained_quadratic_programming__basic_qcqp__qwen3-235b-a22b-thinking-2507,4,-2.2499999999999996,-2.25,True,True,stop,316,2504
qwen3-235b-a22b-thinking-2507,level-2,quadratic_constrained_quadratic_programming__basic_qcqp__qwen3-235b-a22b-thinking-2507,quadratic_constrained_quadratic_programming__basic_qcqp__qwen3-235b-a22b-thinking-2507,5,-3.870400160177822,-3.87,True,True,stop,313,9758
qwen3-235b-a22b-thinking-2507,level-2,quadratic_constrained_quadratic_programming__basic_qcqp__qwen3-235b-a22b-thinking-2507,quadratic_constrained_quadratic_programming__basic_qcqp__qwen3-235b-a22b-thinking-2507,6,-3.412834032881211,,False,,,315,18900
qwen3-235b-a22b-thinking-2507,level-2,quadratic_constrained_quadratic_programming__basic_qcqp__qwen3-235b-a22b-thinking-2507,quadratic_constrained_quadratic_programming__basic_qcqp__qwen3-235b-a22b-thinking-2507,7,-2.0,-2.0,True,True,stop,313,2530
qwen3-235b-a22b-thinking-2507,level-2,quadratic_constrained_quadratic_programming__basic_qcqp__qwen3-235b-a22b-thinking-2507,quadratic_constrained_quadratic_programming__basic_qcqp__qwen3-235b-a22b-thinking-2507,8,-2.24943560250569,-2.25,True,True,stop,316,14747
qwen3-235b-a22b-thinking-2507,level-2,quadratic_constrained_quadratic_programming__basic_qcqp__qwen3-235b-a22b-thinking-2507,quadratic_constrained_quadratic_programming__basic_qcqp__qwen3-235b-a22b-thinking-2507,9,-5.028944265427433,,False,,,316,19955
qwen3-235b-a22b-thinking-2507,level-2,quadratic_constrained_quadratic_programming__basic_qcqp__qwen3-235b-a22b-thinking-2507,quadratic_constrained_quadratic_programming__basic_qcqp__qwen3-235b-a22b-thinking-2507,10,-1.1091141767915658,,False,,,312,21334
qwen3-235b-a22b-thinking-2507,level-2,quadratic_constrained_quadratic_programming__basic_qcqp__qwen3-235b-a22b-thinking-2507,quadratic_constrained_quadratic_programming__basic_qcqp__qwen3-235b-a22b-thinking-2507,11,-0.5388452380075851,,False,,,312,17476
qwen3-235b-a22b-thinking-2507,level-2,quadratic_constrained_quadratic_programming__basic_qcqp__qwen3-235b-a22b-thinking-2507,quadratic_constrained_quadratic_programming__basic_qcqp__qwen3-235b-a22b-thinking-2507,12,-1.2027449656676583,-1.2,True,True,stop,312,16672
qwen3-235b-a22b-thinking-2507,level-2,quadratic_constrained_quadratic_programming__basic_qcqp__qwen3-235b-a22b-thinking-2507,quadratic_constrained_quadratic_programming__basic_qcqp__qwen3-235b-a22b-thinking-2507,13,-1.2115384615384615,-1.21,True,True,stop,314,3975
qwen3-235b-a22b-thinking-2507,level-2,quadratic_constrained_quadratic_programming__basic_qcqp__qwen3-235b-a22b-thinking-2507,quadratic_constrained_quadratic_programming__basic_qcqp__qwen3-235b-a22b-thinking-2507,14,-2.2688233808525147,,False,,,311,17764
qwen3-235b-a22b-thinking-2507,level-2,quadratic_constrained_quadratic_programming__basic_qcqp__qwen3-235b-a22b-thinking-2507,quadratic_constrained_quadratic_programming__basic_qcqp__qwen3-235b-a22b-thinking-2507,15,-3.85,-3.85,True,True,stop,316,2487
qwen3-235b-a22b-thinking-2507,level-2,quadratic_constrained_quadratic_programming__basic_qcqp__qwen3-235b-a22b-thinking-2507,quadratic_constrained_quadratic_programming__basic_qcqp__qwen3-235b-a22b-thinking-2507,16,-0.16666666666666666,-1.17,True,False,stop,316,3254
qwen3-235b-a22b-thinking-2507,level-2,quadratic_constrained_quadratic_programming__basic_qcqp__qwen3-235b-a22b-thinking-2507,quadratic_constrained_quadratic_programming__basic_qcqp__qwen3-235b-a22b-thinking-2507,17,-0.7941176470588234,-1.79,True,False,stop,316,3160
qwen3-235b-a22b-thinking-2507,level-2,quadratic_constrained_quadratic_programming__basic_qcqp__qwen3-235b-a22b-thinking-2507,quadratic_constrained_quadratic_programming__basic_qcqp__qwen3-235b-a22b-thinking-2507,18,-1.8846153846153844,-1.88,True,True,stop,313,3295
qwen3-235b-a22b-thinking-2507,level-2,quadratic_constrained_quadratic_programming__basic_qcqp__qwen3-235b-a22b-thinking-2507,quadratic_constrained_quadratic_programming__basic_qcqp__qwen3-235b-a22b-thinking-2507,19,-4.9329953915187605,,False,,,316,17250
qwen3-235b-a22b-thinking-2507,level-2,quadratic_constrained_quadratic_programming__basic_qcqp__qwen3-235b-a22b-thinking-2507,quadratic_constrained_quadratic_programming__basic_qcqp__qwen3-235b-a22b-thinking-2507,20,-2.326220239708214,,False,,,314,18115
qwen3-235b-a22b-thinking-2507,level-2,quadratic_constrained_quadratic_programming__basic_qcqp__qwen3-235b-a22b-thinking-2507,quadratic_constrained_quadratic_programming__basic_qcqp__qwen3-235b-a22b-thinking-2507,21,-2.5882352941176476,-2.59,True,True,stop,314,3393
qwen3-235b-a22b-thinking-2507,level-2,quadratic_constrained_quadratic_programming__basic_qcqp__qwen3-235b-a22b-thinking-2507,quadratic_constrained_quadratic_programming__basic_qcqp__qwen3-235b-a22b-thinking-2507,22,-1.2500000000000002,-1.25,True,True,stop,314,2926
qwen3-235b-a22b-thinking-2507,level-2,quadratic_constrained_quadratic_programming__basic_qcqp__qwen3-235b-a22b-thinking-2507,quadratic_constrained_quadratic_programming__basic_qcqp__qwen3-235b-a22b-thinking-2507,23,-5.848400114093492,,False,,,316,16228
qwen3-235b-a22b-thinking-2507,level-2,quadratic_constrained_quadratic_programming__basic_qcqp__qwen3-235b-a22b-thinking-2507,quadratic_constrained_quadratic_programming__basic_qcqp__qwen3-235b-a22b-thinking-2507,24,-2.317253839678489,,False,,,312,15894
qwen3-235b-a22b-thinking-2507,level-2,quadratic_constrained_quadratic_programming__basic_qcqp__qwen3-235b-a22b-thinking-2507,quadratic_constrained_quadratic_programming__basic_qcqp__qwen3-235b-a22b-thinking-2507,25,-1.777777777777778,-1.78,True,True,stop,316,3223
qwen3-235b-a22b-thinking-2507,level-2,quadratic_programming__quadratic_programming__qwen3-235b-a22b-thinking-2507,quadratic_programming__quadratic_programming__qwen3-235b-a22b-thinking-2507,1,8.378048780487813,8.38,True,True,stop,299,3793
qwen3-235b-a22b-thinking-2507,level-2,quadratic_programming__quadratic_programming__qwen3-235b-a22b-thinking-2507,quadratic_programming__quadratic_programming__qwen3-235b-a22b-thinking-2507,2,31.03999999864849,31.04,True,True,stop,300,3554
qwen3-235b-a22b-thinking-2507,level-2,quadratic_programming__quadratic_programming__qwen3-235b-a22b-thinking-2507,quadratic_programming__quadratic_programming__qwen3-235b-a22b-thinking-2507,3,42.00000000022205,42.0,True,True,stop,302,1408
qwen3-235b-a22b-thinking-2507,level-2,quadratic_programming__quadratic_programming__qwen3-235b-a22b-thinking-2507,quadratic_programming__quadratic_programming__qwen3-235b-a22b-thinking-2507,4,108.47499999999994,108.48,True,True,stop,302,5400
qwen3-235b-a22b-thinking-2507,level-2,quadratic_programming__quadratic_programming__qwen3-235b-a22b-thinking-2507,quadratic_programming__quadratic_programming__qwen3-235b-a22b-thinking-2507,5,-2.0,-2.0,True,True,stop,299,2649
qwen3-235b-a22b-thinking-2507,level-2,quadratic_programming__quadratic_programming__qwen3-235b-a22b-thinking-2507,quadratic_programming__quadratic_programming__qwen3-235b-a22b-thinking-2507,6,78.3757399500557,78.38,True,True,stop,302,5691
qwen3-235b-a22b-thinking-2507,level-2,quadratic_programming__quadratic_programming__qwen3-235b-a22b-thinking-2507,quadratic_programming__quadratic_programming__qwen3-235b-a22b-thinking-2507,7,46.000000000712426,46.0,True,True,stop,299,1708
qwen3-235b-a22b-thinking-2507,level-2,quadratic_programming__quadratic_programming__qwen3-235b-a22b-thinking-2507,quadratic_programming__quadratic_programming__qwen3-235b-a22b-thinking-2507,8,96.00000000103965,96.0,True,True,stop,302,4416
qwen3-235b-a22b-thinking-2507,level-2,quadratic_programming__quadratic_programming__qwen3-235b-a22b-thinking-2507,quadratic_programming__quadratic_programming__qwen3-235b-a22b-thinking-2507,9,-1.9655172413793078,-1.97,True,True,stop,303,5032
qwen3-235b-a22b-thinking-2507,level-2,quadratic_programming__quadratic_programming__qwen3-235b-a22b-thinking-2507,quadratic_programming__quadratic_programming__qwen3-235b-a22b-thinking-2507,10,182.04101551962736,182.04,True,True,stop,305,6025
qwen3-235b-a22b-thinking-2507,level-2,quadratic_programming__quadratic_programming__qwen3-235b-a22b-thinking-2507,quadratic_programming__quadratic_programming__qwen3-235b-a22b-thinking-2507,11,54.000000047831634,54.0,True,True,stop,302,2795
qwen3-235b-a22b-thinking-2507,level-2,quadratic_programming__quadratic_programming__qwen3-235b-a22b-thinking-2507,quadratic_programming__quadratic_programming__qwen3-235b-a22b-thinking-2507,12,-1.9999999996984865,-2.0,True,True,stop,298,3534
qwen3-235b-a22b-thinking-2507,level-2,quadratic_programming__quadratic_programming__qwen3-235b-a22b-thinking-2507,quadratic_programming__quadratic_programming__qwen3-235b-a22b-thinking-2507,13,62.13888889729991,62.14,True,True,stop,302,3524
qwen3-235b-a22b-thinking-2507,level-2,quadratic_programming__quadratic_programming__qwen3-235b-a22b-thinking-2507,quadratic_programming__quadratic_programming__qwen3-235b-a22b-thinking-2507,14,46.02352941176489,46.02,True,True,stop,304,5785
qwen3-235b-a22b-thinking-2507,level-2,quadratic_programming__quadratic_programming__qwen3-235b-a22b-thinking-2507,quadratic_programming__quadratic_programming__qwen3-235b-a22b-thinking-2507,15,6.000000000000001,6.0,True,True,stop,299,7533
qwen3-235b-a22b-thinking-2507,level-2,quadratic_programming__quadratic_programming__qwen3-235b-a22b-thinking-2507,quadratic_programming__quadratic_programming__qwen3-235b-a22b-thinking-2507,16,29.000000011405557,29.0,True,True,stop,302,5892
qwen3-235b-a22b-thinking-2507,level-2,quadratic_programming__quadratic_programming__qwen3-235b-a22b-thinking-2507,quadratic_programming__quadratic_programming__qwen3-235b-a22b-thinking-2507,17,37.500000006158245,37.5,True,True,stop,301,2589
qwen3-235b-a22b-thinking-2507,level-2,quadratic_programming__quadratic_programming__qwen3-235b-a22b-thinking-2507,quadratic_programming__quadratic_programming__qwen3-235b-a22b-thinking-2507,18,2.944444445638918,2.94,True,True,stop,305,5502
qwen3-235b-a22b-thinking-2507,level-2,quadratic_programming__quadratic_programming__qwen3-235b-a22b-thinking-2507,quadratic_programming__quadratic_programming__qwen3-235b-a22b-thinking-2507,19,282.2500000131683,282.25,True,True,stop,302,2255
qwen3-235b-a22b-thinking-2507,level-2,quadratic_programming__quadratic_programming__qwen3-235b-a22b-thinking-2507,quadratic_programming__quadratic_programming__qwen3-235b-a22b-thinking-2507,20,411.5827586206872,411.58,True,True,stop,300,6426
qwen3-235b-a22b-thinking-2507,level-2,quadratic_programming__quadratic_programming__qwen3-235b-a22b-thinking-2507,quadratic_programming__quadratic_programming__qwen3-235b-a22b-thinking-2507,21,18.444444444444237,18.44,True,True,stop,300,2918
qwen3-235b-a22b-thinking-2507,level-2,quadratic_programming__quadratic_programming__qwen3-235b-a22b-thinking-2507,quadratic_programming__quadratic_programming__qwen3-235b-a22b-thinking-2507,22,65.40625000045968,65.41,True,True,stop,303,3555
qwen3-235b-a22b-thinking-2507,level-2,quadratic_programming__quadratic_programming__qwen3-235b-a22b-thinking-2507,quadratic_programming__quadratic_programming__qwen3-235b-a22b-thinking-2507,23,382.1111111218892,382.11,True,True,stop,304,4396
qwen3-235b-a22b-thinking-2507,level-2,quadratic_programming__quadratic_programming__qwen3-235b-a22b-thinking-2507,quadratic_programming__quadratic_programming__qwen3-235b-a22b-thinking-2507,24,35.60000000000002,35.6,True,True,stop,304,1885
qwen3-235b-a22b-thinking-2507,level-2,quadratic_programming__quadratic_programming__qwen3-235b-a22b-thinking-2507,quadratic_programming__quadratic_programming__qwen3-235b-a22b-thinking-2507,25,22.99999999988581,23.0,True,True,stop,298,3458
qwen3-235b-a22b-thinking-2507,level-3,geometric__basic_geometric_programming__qwen3-235b-a22b-thinking-2507,geometric__basic_geometric_programming__qwen3-235b-a22b-thinking-2507,1,1.732299936871923,1.73,True,True,stop,302,8296
qwen3-235b-a22b-thinking-2507,level-3,geometric__basic_geometric_programming__qwen3-235b-a22b-thinking-2507,geometric__basic_geometric_programming__qwen3-235b-a22b-thinking-2507,2,29.224600646821024,29.22,True,True,stop,290,8428
qwen3-235b-a22b-thinking-2507,level-3,geometric__basic_geometric_programming__qwen3-235b-a22b-thinking-2507,geometric__basic_geometric_programming__qwen3-235b-a22b-thinking-2507,3,5.291502224600881,5.29,True,True,stop,291,9583
qwen3-235b-a22b-thinking-2507,level-3,geometric__basic_geometric_programming__qwen3-235b-a22b-thinking-2507,geometric__basic_geometric_programming__qwen3-235b-a22b-thinking-2507,4,0.2828427121087018,0.28,True,True,stop,286,13279
qwen3-235b-a22b-thinking-2507,level-3,geometric__basic_geometric_programming__qwen3-235b-a22b-thinking-2507,geometric__basic_geometric_programming__qwen3-235b-a22b-thinking-2507,5,3.0687089984672182,3.07,True,True,stop,293,7106
qwen3-235b-a22b-thinking-2507,level-3,geometric__basic_geometric_programming__qwen3-235b-a22b-thinking-2507,geometric__basic_geometric_programming__qwen3-235b-a22b-thinking-2507,6,2.4987213032829176,2.5,True,True,stop,279,12842
qwen3-235b-a22b-thinking-2507,level-3,geometric__basic_geometric_programming__qwen3-235b-a22b-thinking-2507,geometric__basic_geometric_programming__qwen3-235b-a22b-thinking-2507,7,21.475104297602154,,False,,,288,15928
qwen3-235b-a22b-thinking-2507,level-3,geometric__basic_geometric_programming__qwen3-235b-a22b-thinking-2507,geometric__basic_geometric_programming__qwen3-235b-a22b-thinking-2507,8,0.4000000187408366,0.4,True,True,stop,296,10841
qwen3-235b-a22b-thinking-2507,level-3,geometric__basic_geometric_programming__qwen3-235b-a22b-thinking-2507,geometric__basic_geometric_programming__qwen3-235b-a22b-thinking-2507,9,16.72724032922442,,False,,,295,19266
qwen3-235b-a22b-thinking-2507,level-3,geometric__basic_geometric_programming__qwen3-235b-a22b-thinking-2507,geometric__basic_geometric_programming__qwen3-235b-a22b-thinking-2507,10,4.397691725451946,4.4,True,True,stop,291,17323
qwen3-235b-a22b-thinking-2507,level-3,geometric__basic_geometric_programming__qwen3-235b-a22b-thinking-2507,geometric__basic_geometric_programming__qwen3-235b-a22b-thinking-2507,11,0.34154199277876984,,False,,,296,18788
qwen3-235b-a22b-thinking-2507,level-3,geometric__basic_geometric_programming__qwen3-235b-a22b-thinking-2507,geometric__basic_geometric_programming__qwen3-235b-a22b-thinking-2507,12,2.8474740083778936,2.85,True,True,stop,294,14334
qwen3-235b-a22b-thinking-2507,level-3,geometric__basic_geometric_programming__qwen3-235b-a22b-thinking-2507,geometric__basic_geometric_programming__qwen3-235b-a22b-thinking-2507,13,2.6048706981955276,2.9,True,False,stop,286,17845
qwen3-235b-a22b-thinking-2507,level-3,geometric__basic_geometric_programming__qwen3-235b-a22b-thinking-2507,geometric__basic_geometric_programming__qwen3-235b-a22b-thinking-2507,14,2.190889612988114,,False,,,288,17743
qwen3-235b-a22b-thinking-2507,level-3,geometric__basic_geometric_programming__qwen3-235b-a22b-thinking-2507,geometric__basic_geometric_programming__qwen3-235b-a22b-thinking-2507,15,1.8456403824133711,,False,,,294,16507
qwen3-235b-a22b-thinking-2507,level-3,geometric__basic_geometric_programming__qwen3-235b-a22b-thinking-2507,geometric__basic_geometric_programming__qwen3-235b-a22b-thinking-2507,16,10.293305663698165,10.31,True,False,stop,290,10571
qwen3-235b-a22b-thinking-2507,level-3,geometric__basic_geometric_programming__qwen3-235b-a22b-thinking-2507,geometric__basic_geometric_programming__qwen3-235b-a22b-thinking-2507,17,0.7057515185178131,,False,,,305,17071
qwen3-235b-a22b-thinking-2507,level-3,geometric__basic_geometric_programming__qwen3-235b-a22b-thinking-2507,geometric__basic_geometric_programming__qwen3-235b-a22b-thinking-2507,18,11.743888455438105,11.74,True,True,stop,289,11184
qwen3-235b-a22b-thinking-2507,level-3,geometric__basic_geometric_programming__qwen3-235b-a22b-thinking-2507,geometric__basic_geometric_programming__qwen3-235b-a22b-thinking-2507,19,4.5175395107791685,,False,,,302,19625
qwen3-235b-a22b-thinking-2507,level-3,geometric__basic_geometric_programming__qwen3-235b-a22b-thinking-2507,geometric__basic_geometric_programming__qwen3-235b-a22b-thinking-2507,20,11.775329280475392,,False,,,299,19651
qwen3-235b-a22b-thinking-2507,level-3,geometric__basic_geometric_programming__qwen3-235b-a22b-thinking-2507,geometric__basic_geometric_programming__qwen3-235b-a22b-thinking-2507,21,0.876923076901222,0.88,True,True,stop,292,10886
qwen3-235b-a22b-thinking-2507,level-3,geometric__basic_geometric_programming__qwen3-235b-a22b-thinking-2507,geometric__basic_geometric_programming__qwen3-235b-a22b-thinking-2507,22,15.355713754415305,,False,,,284,18168
qwen3-235b-a22b-thinking-2507,level-3,geometric__basic_geometric_programming__qwen3-235b-a22b-thinking-2507,geometric__basic_geometric_programming__qwen3-235b-a22b-thinking-2507,23,31.332264770458927,,False,,,298,17036
qwen3-235b-a22b-thinking-2507,level-3,geometric__basic_geometric_programming__qwen3-235b-a22b-thinking-2507,geometric__basic_geometric_programming__qwen3-235b-a22b-thinking-2507,24,7.623337317415972,7.62,True,True,stop,301,16842
qwen3-235b-a22b-thinking-2507,level-3,geometric__basic_geometric_programming__qwen3-235b-a22b-thinking-2507,geometric__basic_geometric_programming__qwen3-235b-a22b-thinking-2507,25,8.797261468547369,,False,,,293,18002
qwen3-235b-a22b-thinking-2507,level-3,linear_programming__non_trivial_linear_programming__qwen3-235b-a22b-thinking-2507,linear_programming__non_trivial_linear_programming__qwen3-235b-a22b-thinking-2507,1,-12.0,-12.0,True,True,stop,272,4754
qwen3-235b-a22b-thinking-2507,level-3,linear_programming__non_trivial_linear_programming__qwen3-235b-a22b-thinking-2507,linear_programming__non_trivial_linear_programming__qwen3-235b-a22b-thinking-2507,2,9.0,9.0,True,True,stop,271,3416
qwen3-235b-a22b-thinking-2507,level-3,linear_programming__non_trivial_linear_programming__qwen3-235b-a22b-thinking-2507,linear_programming__non_trivial_linear_programming__qwen3-235b-a22b-thinking-2507,3,-14.0,-14.0,True,True,stop,269,4726
qwen3-235b-a22b-thinking-2507,level-3,linear_programming__non_trivial_linear_programming__qwen3-235b-a22b-thinking-2507,linear_programming__non_trivial_linear_programming__qwen3-235b-a22b-thinking-2507,4,48.0,48.0,True,True,stop,269,5687
qwen3-235b-a22b-thinking-2507,level-3,linear_programming__non_trivial_linear_programming__qwen3-235b-a22b-thinking-2507,linear_programming__non_trivial_linear_programming__qwen3-235b-a22b-thinking-2507,5,14.0,14.0,True,True,stop,267,5938
qwen3-235b-a22b-thinking-2507,level-3,linear_programming__non_trivial_linear_programming__qwen3-235b-a22b-thinking-2507,linear_programming__non_trivial_linear_programming__qwen3-235b-a22b-thinking-2507,6,-20.0,-20.0,True,True,stop,267,10172
qwen3-235b-a22b-thinking-2507,level-3,linear_programming__non_trivial_linear_programming__qwen3-235b-a22b-thinking-2507,linear_programming__non_trivial_linear_programming__qwen3-235b-a22b-thinking-2507,7,-32.0,-32.0,True,True,stop,273,5460
qwen3-235b-a22b-thinking-2507,level-3,linear_programming__non_trivial_linear_programming__qwen3-235b-a22b-thinking-2507,linear_programming__non_trivial_linear_programming__qwen3-235b-a22b-thinking-2507,8,60.0,60.0,True,True,stop,268,2692
qwen3-235b-a22b-thinking-2507,level-3,linear_programming__non_trivial_linear_programming__qwen3-235b-a22b-thinking-2507,linear_programming__non_trivial_linear_programming__qwen3-235b-a22b-thinking-2507,9,-38.0,-38.0,True,True,stop,271,8244
qwen3-235b-a22b-thinking-2507,level-3,linear_programming__non_trivial_linear_programming__qwen3-235b-a22b-thinking-2507,linear_programming__non_trivial_linear_programming__qwen3-235b-a22b-thinking-2507,10,4.0,4.0,True,True,stop,271,5241
qwen3-235b-a22b-thinking-2507,level-3,linear_programming__non_trivial_linear_programming__qwen3-235b-a22b-thinking-2507,linear_programming__non_trivial_linear_programming__qwen3-235b-a22b-thinking-2507,11,3.0,3.0,True,True,stop,270,10411
qwen3-235b-a22b-thinking-2507,level-3,linear_programming__non_trivial_linear_programming__qwen3-235b-a22b-thinking-2507,linear_programming__non_trivial_linear_programming__qwen3-235b-a22b-thinking-2507,12,-12.0,-12.0,True,True,stop,269,5498
qwen3-235b-a22b-thinking-2507,level-3,linear_programming__non_trivial_linear_programming__qwen3-235b-a22b-thinking-2507,linear_programming__non_trivial_linear_programming__qwen3-235b-a22b-thinking-2507,13,18.0,18.0,True,True,stop,267,8211
qwen3-235b-a22b-thinking-2507,level-3,linear_programming__non_trivial_linear_programming__qwen3-235b-a22b-thinking-2507,linear_programming__non_trivial_linear_programming__qwen3-235b-a22b-thinking-2507,14,54.0,54.0,True,True,stop,271,6426
qwen3-235b-a22b-thinking-2507,level-3,linear_programming__non_trivial_linear_programming__qwen3-235b-a22b-thinking-2507,linear_programming__non_trivial_linear_programming__qwen3-235b-a22b-thinking-2507,15,22.0,22.0,True,True,stop,271,3438
qwen3-235b-a22b-thinking-2507,level-3,linear_programming__non_trivial_linear_programming__qwen3-235b-a22b-thinking-2507,linear_programming__non_trivial_linear_programming__qwen3-235b-a22b-thinking-2507,16,8.0,8.0,True,True,stop,268,6270
qwen3-235b-a22b-thinking-2507,level-3,linear_programming__non_trivial_linear_programming__qwen3-235b-a22b-thinking-2507,linear_programming__non_trivial_linear_programming__qwen3-235b-a22b-thinking-2507,17,-50.0,-50.0,True,True,stop,272,7161
qwen3-235b-a22b-thinking-2507,level-3,linear_programming__non_trivial_linear_programming__qwen3-235b-a22b-thinking-2507,linear_programming__non_trivial_linear_programming__qwen3-235b-a22b-thinking-2507,18,53.0,53.0,True,True,stop,269,6751
qwen3-235b-a22b-thinking-2507,level-3,linear_programming__non_trivial_linear_programming__qwen3-235b-a22b-thinking-2507,linear_programming__non_trivial_linear_programming__qwen3-235b-a22b-thinking-2507,19,-3.0,-3.0,True,True,stop,266,5194
qwen3-235b-a22b-thinking-2507,level-3,linear_programming__non_trivial_linear_programming__qwen3-235b-a22b-thinking-2507,linear_programming__non_trivial_linear_programming__qwen3-235b-a22b-thinking-2507,20,46.0,46.0,True,True,stop,271,11850
qwen3-235b-a22b-thinking-2507,level-3,linear_programming__non_trivial_linear_programming__qwen3-235b-a22b-thinking-2507,linear_programming__non_trivial_linear_programming__qwen3-235b-a22b-thinking-2507,21,-12.0,-12.0,True,True,stop,272,5530
qwen3-235b-a22b-thinking-2507,level-3,linear_programming__non_trivial_linear_programming__qwen3-235b-a22b-thinking-2507,linear_programming__non_trivial_linear_programming__qwen3-235b-a22b-thinking-2507,22,14.0,14.0,True,True,stop,268,1680
qwen3-235b-a22b-thinking-2507,level-3,linear_programming__non_trivial_linear_programming__qwen3-235b-a22b-thinking-2507,linear_programming__non_trivial_linear_programming__qwen3-235b-a22b-thinking-2507,23,-18.0,-18.0,True,True,stop,273,1628
qwen3-235b-a22b-thinking-2507,level-3,linear_programming__non_trivial_linear_programming__qwen3-235b-a22b-thinking-2507,linear_programming__non_trivial_linear_programming__qwen3-235b-a22b-thinking-2507,24,-16.0,-16.0,True,True,stop,268,3639
qwen3-235b-a22b-thinking-2507,level-3,linear_programming__non_trivial_linear_programming__qwen3-235b-a22b-thinking-2507,linear_programming__non_trivial_linear_programming__qwen3-235b-a22b-thinking-2507,25,-92.0,-92.0,True,True,stop,273,7638
qwen3-235b-a22b-thinking-2507,level-3,quadratic_constrained_quadratic_programming__basic_qcqp__qwen3-235b-a22b-thinking-2507,quadratic_constrained_quadratic_programming__basic_qcqp__qwen3-235b-a22b-thinking-2507,1,-2.0854430379746836,-2.09,True,True,stop,375,8553
qwen3-235b-a22b-thinking-2507,level-3,quadratic_constrained_quadratic_programming__basic_qcqp__qwen3-235b-a22b-thinking-2507,quadratic_constrained_quadratic_programming__basic_qcqp__qwen3-235b-a22b-thinking-2507,2,-2.267857142857143,-2.27,True,True,stop,374,8925
qwen3-235b-a22b-thinking-2507,level-3,quadratic_constrained_quadratic_programming__basic_qcqp__qwen3-235b-a22b-thinking-2507,quadratic_constrained_quadratic_programming__basic_qcqp__qwen3-235b-a22b-thinking-2507,3,-3.102040816326531,-3.1,True,True,stop,375,3463
qwen3-235b-a22b-thinking-2507,level-3,quadratic_constrained_quadratic_programming__basic_qcqp__qwen3-235b-a22b-thinking-2507,quadratic_constrained_quadratic_programming__basic_qcqp__qwen3-235b-a22b-thinking-2507,4,-2.978200186542491,,False,,,375,28356
qwen3-235b-a22b-thinking-2507,level-3,quadratic_constrained_quadratic_programming__basic_qcqp__qwen3-235b-a22b-thinking-2507,quadratic_constrained_quadratic_programming__basic_qcqp__qwen3-235b-a22b-thinking-2507,5,-4.37037037037037,-4.37,True,True,stop,374,5025
qwen3-235b-a22b-thinking-2507,level-3,quadratic_constrained_quadratic_programming__basic_qcqp__qwen3-235b-a22b-thinking-2507,quadratic_constrained_quadratic_programming__basic_qcqp__qwen3-235b-a22b-thinking-2507,6,-5.8690476190476195,-5.87,True,True,stop,374,19802
qwen3-235b-a22b-thinking-2507,level-3,quadratic_constrained_quadratic_programming__basic_qcqp__qwen3-235b-a22b-thinking-2507,quadratic_constrained_quadratic_programming__basic_qcqp__qwen3-235b-a22b-thinking-2507,7,-5.932140496555659,-5.93,True,True,stop,377,20308
qwen3-235b-a22b-thinking-2507,level-3,quadratic_constrained_quadratic_programming__basic_qcqp__qwen3-235b-a22b-thinking-2507,quadratic_constrained_quadratic_programming__basic_qcqp__qwen3-235b-a22b-thinking-2507,8,-3.7461830986738054,-3.75,True,True,stop,380,19177
qwen3-235b-a22b-thinking-2507,level-3,quadratic_constrained_quadratic_programming__basic_qcqp__qwen3-235b-a22b-thinking-2507,quadratic_constrained_quadratic_programming__basic_qcqp__qwen3-235b-a22b-thinking-2507,9,-1.3703703703703702,-1.37,True,True,stop,376,11465
qwen3-235b-a22b-thinking-2507,level-3,quadratic_constrained_quadratic_programming__basic_qcqp__qwen3-235b-a22b-thinking-2507,quadratic_constrained_quadratic_programming__basic_qcqp__qwen3-235b-a22b-thinking-2507,10,-2.838597117140402,-2.84,True,True,stop,374,20738
qwen3-235b-a22b-thinking-2507,level-3,quadratic_constrained_quadratic_programming__basic_qcqp__qwen3-235b-a22b-thinking-2507,quadratic_constrained_quadratic_programming__basic_qcqp__qwen3-235b-a22b-thinking-2507,11,-3.504427210346366,-3.5,True,True,stop,375,19674
qwen3-235b-a22b-thinking-2507,level-3,quadratic_constrained_quadratic_programming__basic_qcqp__qwen3-235b-a22b-thinking-2507,quadratic_constrained_quadratic_programming__basic_qcqp__qwen3-235b-a22b-thinking-2507,12,-0.09932659932659932,-0.0993,True,True,stop,375,4837
qwen3-235b-a22b-thinking-2507,level-3,quadratic_constrained_quadratic_programming__basic_qcqp__qwen3-235b-a22b-thinking-2507,quadratic_constrained_quadratic_programming__basic_qcqp__qwen3-235b-a22b-thinking-2507,13,-1.2451219512195122,-1.25,True,True,stop,376,8407
qwen3-235b-a22b-thinking-2507,level-3,quadratic_constrained_quadratic_programming__basic_qcqp__qwen3-235b-a22b-thinking-2507,quadratic_constrained_quadratic_programming__basic_qcqp__qwen3-235b-a22b-thinking-2507,14,-5.283077369215324,-5.29,True,True,stop,376,21541
qwen3-235b-a22b-thinking-2507,level-3,quadratic_constrained_quadratic_programming__basic_qcqp__qwen3-235b-a22b-thinking-2507,quadratic_constrained_quadratic_programming__basic_qcqp__qwen3-235b-a22b-thinking-2507,15,-0.6751726767334925,-1.68,True,False,stop,374,20526
qwen3-235b-a22b-thinking-2507,level-3,quadratic_constrained_quadratic_programming__basic_qcqp__qwen3-235b-a22b-thinking-2507,quadratic_constrained_quadratic_programming__basic_qcqp__qwen3-235b-a22b-thinking-2507,16,-8.536368763972927,-8.31,True,False,stop,373,14456
qwen3-235b-a22b-thinking-2507,level-3,quadratic_constrained_quadratic_programming__basic_qcqp__qwen3-235b-a22b-thinking-2507,quadratic_constrained_quadratic_programming__basic_qcqp__qwen3-235b-a22b-thinking-2507,17,-1.5681818181818188,-1.57,True,True,stop,378,4118
qwen3-235b-a22b-thinking-2507,level-3,quadratic_constrained_quadratic_programming__basic_qcqp__qwen3-235b-a22b-thinking-2507,quadratic_constrained_quadratic_programming__basic_qcqp__qwen3-235b-a22b-thinking-2507,18,-2.383116883116883,-2.38,True,True,stop,375,5370
qwen3-235b-a22b-thinking-2507,level-3,quadratic_constrained_quadratic_programming__basic_qcqp__qwen3-235b-a22b-thinking-2507,quadratic_constrained_quadratic_programming__basic_qcqp__qwen3-235b-a22b-thinking-2507,19,-2.3396416798409985,,False,,,375,24479
qwen3-235b-a22b-thinking-2507,level-3,quadratic_constrained_quadratic_programming__basic_qcqp__qwen3-235b-a22b-thinking-2507,quadratic_constrained_quadratic_programming__basic_qcqp__qwen3-235b-a22b-thinking-2507,20,-0.1863905325443787,-1.19,True,False,stop,377,5859
qwen3-235b-a22b-thinking-2507,level-3,quadratic_constrained_quadratic_programming__basic_qcqp__qwen3-235b-a22b-thinking-2507,quadratic_constrained_quadratic_programming__basic_qcqp__qwen3-235b-a22b-thinking-2507,21,-1.0470588235294114,-1.05,True,True,stop,376,5110
qwen3-235b-a22b-thinking-2507,level-3,quadratic_constrained_quadratic_programming__basic_qcqp__qwen3-235b-a22b-thinking-2507,quadratic_constrained_quadratic_programming__basic_qcqp__qwen3-235b-a22b-thinking-2507,22,-0.7334153263918096,-1.73,True,False,stop,375,16667
qwen3-235b-a22b-thinking-2507,level-3,quadratic_constrained_quadratic_programming__basic_qcqp__qwen3-235b-a22b-thinking-2507,quadratic_constrained_quadratic_programming__basic_qcqp__qwen3-235b-a22b-thinking-2507,23,-0.3055555555555556,-11.0,True,False,stop,374,8325
qwen3-235b-a22b-thinking-2507,level-3,quadratic_constrained_quadratic_programming__basic_qcqp__qwen3-235b-a22b-thinking-2507,quadratic_constrained_quadratic_programming__basic_qcqp__qwen3-235b-a22b-thinking-2507,24,-0.35600000000000004,-1.36,True,False,stop,377,6859
qwen3-235b-a22b-thinking-2507,level-3,quadratic_constrained_quadratic_programming__basic_qcqp__qwen3-235b-a22b-thinking-2507,quadratic_constrained_quadratic_programming__basic_qcqp__qwen3-235b-a22b-thinking-2507,25,-7.450111920115676,,False,,,376,25918
qwen3-235b-a22b-thinking-2507,level-3,quadratic_programming__quadratic_programming__qwen3-235b-a22b-thinking-2507,quadratic_programming__quadratic_programming__qwen3-235b-a22b-thinking-2507,1,469.28155017465974,469.28,True,True,stop,344,17791
qwen3-235b-a22b-thinking-2507,level-3,quadratic_programming__quadratic_programming__qwen3-235b-a22b-thinking-2507,quadratic_programming__quadratic_programming__qwen3-235b-a22b-thinking-2507,2,2.7082233983921604,2.71,True,True,stop,338,16235
qwen3-235b-a22b-thinking-2507,level-3,quadratic_programming__quadratic_programming__qwen3-235b-a22b-thinking-2507,quadratic_programming__quadratic_programming__qwen3-235b-a22b-thinking-2507,3,146.5129695895551,146.5,True,False,stop,337,26231
qwen3-235b-a22b-thinking-2507,level-3,quadratic_programming__quadratic_programming__qwen3-235b-a22b-thinking-2507,quadratic_programming__quadratic_programming__qwen3-235b-a22b-thinking-2507,4,10.697089091630449,10.7,True,True,stop,340,11870
qwen3-235b-a22b-thinking-2507,level-3,quadratic_programming__quadratic_programming__qwen3-235b-a22b-thinking-2507,quadratic_programming__quadratic_programming__qwen3-235b-a22b-thinking-2507,5,72.1478873439763,72.15,True,True,stop,344,10690
qwen3-235b-a22b-thinking-2507,level-3,quadratic_programming__quadratic_programming__qwen3-235b-a22b-thinking-2507,quadratic_programming__quadratic_programming__qwen3-235b-a22b-thinking-2507,6,22.295626722529054,22.3,True,True,stop,342,11276
qwen3-235b-a22b-thinking-2507,level-3,quadratic_programming__quadratic_programming__qwen3-235b-a22b-thinking-2507,quadratic_programming__quadratic_programming__qwen3-235b-a22b-thinking-2507,7,20.092150203865835,20.09,True,True,stop,344,9949
qwen3-235b-a22b-thinking-2507,level-3,quadratic_programming__quadratic_programming__qwen3-235b-a22b-thinking-2507,quadratic_programming__quadratic_programming__qwen3-235b-a22b-thinking-2507,8,301.9939207718449,302.0,True,True,stop,345,21774
qwen3-235b-a22b-thinking-2507,level-3,quadratic_programming__quadratic_programming__qwen3-235b-a22b-thinking-2507,quadratic_programming__quadratic_programming__qwen3-235b-a22b-thinking-2507,9,127.14040563620361,127.14,True,True,stop,343,15038
qwen3-235b-a22b-thinking-2507,level-3,quadratic_programming__quadratic_programming__qwen3-235b-a22b-thinking-2507,quadratic_programming__quadratic_programming__qwen3-235b-a22b-thinking-2507,10,-0.8503144653429787,-1.7,True,False,stop,345,16307
qwen3-235b-a22b-thinking-2507,level-3,quadratic_programming__quadratic_programming__qwen3-235b-a22b-thinking-2507,quadratic_programming__quadratic_programming__qwen3-235b-a22b-thinking-2507,11,19.275373142578204,19.28,True,True,stop,337,10159
qwen3-235b-a22b-thinking-2507,level-3,quadratic_programming__quadratic_programming__qwen3-235b-a22b-thinking-2507,quadratic_programming__quadratic_programming__qwen3-235b-a22b-thinking-2507,12,468.90679053032596,468.84,True,False,stop,341,12309
qwen3-235b-a22b-thinking-2507,level-3,quadratic_programming__quadratic_programming__qwen3-235b-a22b-thinking-2507,quadratic_programming__quadratic_programming__qwen3-235b-a22b-thinking-2507,13,519.7417297572247,519.74,True,True,stop,339,17832
qwen3-235b-a22b-thinking-2507,level-3,quadratic_programming__quadratic_programming__qwen3-235b-a22b-thinking-2507,quadratic_programming__quadratic_programming__qwen3-235b-a22b-thinking-2507,14,42.80132290094066,42.83,True,False,stop,341,20109
qwen3-235b-a22b-thinking-2507,level-3,quadratic_programming__quadratic_programming__qwen3-235b-a22b-thinking-2507,quadratic_programming__quadratic_programming__qwen3-235b-a22b-thinking-2507,15,198.5528000834889,198.55,True,True,stop,344,11585
qwen3-235b-a22b-thinking-2507,level-3,quadratic_programming__quadratic_programming__qwen3-235b-a22b-thinking-2507,quadratic_programming__quadratic_programming__qwen3-235b-a22b-thinking-2507,16,37.61093668677289,37.62,True,True,stop,341,14178
qwen3-235b-a22b-thinking-2507,level-3,quadratic_programming__quadratic_programming__qwen3-235b-a22b-thinking-2507,quadratic_programming__quadratic_programming__qwen3-235b-a22b-thinking-2507,17,42.32795079668754,42.33,True,True,stop,340,8265
qwen3-235b-a22b-thinking-2507,level-3,quadratic_programming__quadratic_programming__qwen3-235b-a22b-thinking-2507,quadratic_programming__quadratic_programming__qwen3-235b-a22b-thinking-2507,18,200.8333333549236,200.83,True,True,stop,345,10553
qwen3-235b-a22b-thinking-2507,level-3,quadratic_programming__quadratic_programming__qwen3-235b-a22b-thinking-2507,quadratic_programming__quadratic_programming__qwen3-235b-a22b-thinking-2507,19,108.61673554742998,108.62,True,True,stop,344,10505
qwen3-235b-a22b-thinking-2507,level-3,quadratic_programming__quadratic_programming__qwen3-235b-a22b-thinking-2507,quadratic_programming__quadratic_programming__qwen3-235b-a22b-thinking-2507,20,180.8299421509396,180.83,True,True,stop,337,12919
qwen3-235b-a22b-thinking-2507,level-3,quadratic_programming__quadratic_programming__qwen3-235b-a22b-thinking-2507,quadratic_programming__quadratic_programming__qwen3-235b-a22b-thinking-2507,21,227.28414941995788,227.28,True,True,stop,337,13136
qwen3-235b-a22b-thinking-2507,level-3,quadratic_programming__quadratic_programming__qwen3-235b-a22b-thinking-2507,quadratic_programming__quadratic_programming__qwen3-235b-a22b-thinking-2507,22,32.51382488527179,32.51,True,True,stop,342,20704
qwen3-235b-a22b-thinking-2507,level-3,quadratic_programming__quadratic_programming__qwen3-235b-a22b-thinking-2507,quadratic_programming__quadratic_programming__qwen3-235b-a22b-thinking-2507,23,16.822055959533817,16.82,True,True,stop,337,11802
qwen3-235b-a22b-thinking-2507,level-3,quadratic_programming__quadratic_programming__qwen3-235b-a22b-thinking-2507,quadratic_programming__quadratic_programming__qwen3-235b-a22b-thinking-2507,24,29.27771931502913,29.28,True,True,stop,341,7801
qwen3-235b-a22b-thinking-2507,level-3,quadratic_programming__quadratic_programming__qwen3-235b-a22b-thinking-2507,quadratic_programming__quadratic_programming__qwen3-235b-a22b-thinking-2507,25,10.44019138850691,10.44,True,True,stop,336,7856
qwen3-235b-a22b-thinking-2507,level-4,geometric__basic_geometric_programming__qwen3-235b-a22b-thinking-2507,geometric__basic_geometric_programming__qwen3-235b-a22b-thinking-2507,1,30.989660390663403,32.13,True,False,stop,310,16222
qwen3-235b-a22b-thinking-2507,level-4,geometric__basic_geometric_programming__qwen3-235b-a22b-thinking-2507,geometric__basic_geometric_programming__qwen3-235b-a22b-thinking-2507,2,8.805879972403162,8.81,True,True,stop,312,13001
qwen3-235b-a22b-thinking-2507,level-4,geometric__basic_geometric_programming__qwen3-235b-a22b-thinking-2507,geometric__basic_geometric_programming__qwen3-235b-a22b-thinking-2507,3,3.663812884861762,,False,,,290,22969
qwen3-235b-a22b-thinking-2507,level-4,geometric__basic_geometric_programming__qwen3-235b-a22b-thinking-2507,geometric__basic_geometric_programming__qwen3-235b-a22b-thinking-2507,4,18.33260959919707,18.33,True,True,stop,286,8551
qwen3-235b-a22b-thinking-2507,level-4,geometric__basic_geometric_programming__qwen3-235b-a22b-thinking-2507,geometric__basic_geometric_programming__qwen3-235b-a22b-thinking-2507,5,3.9021761993029935,3.9,True,True,stop,294,16915
qwen3-235b-a22b-thinking-2507,level-4,geometric__basic_geometric_programming__qwen3-235b-a22b-thinking-2507,geometric__basic_geometric_programming__qwen3-235b-a22b-thinking-2507,6,10.37383753678764,10.37,True,True,stop,310,14375
qwen3-235b-a22b-thinking-2507,level-4,geometric__basic_geometric_programming__qwen3-235b-a22b-thinking-2507,geometric__basic_geometric_programming__qwen3-235b-a22b-thinking-2507,7,9.989308657585795,10.0,True,False,stop,305,22994
qwen3-235b-a22b-thinking-2507,level-4,geometric__basic_geometric_programming__qwen3-235b-a22b-thinking-2507,geometric__basic_geometric_programming__qwen3-235b-a22b-thinking-2507,8,4.82956413106959,4.83,True,True,stop,293,20387
qwen3-235b-a22b-thinking-2507,level-4,geometric__basic_geometric_programming__qwen3-235b-a22b-thinking-2507,geometric__basic_geometric_programming__qwen3-235b-a22b-thinking-2507,9,2.065564841677853,2.07,True,True,stop,302,16482
qwen3-235b-a22b-thinking-2507,level-4,geometric__basic_geometric_programming__qwen3-235b-a22b-thinking-2507,geometric__basic_geometric_programming__qwen3-235b-a22b-thinking-2507,10,5.264296053843266,,False,,,301,23301
qwen3-235b-a22b-thinking-2507,level-4,geometric__basic_geometric_programming__qwen3-235b-a22b-thinking-2507,geometric__basic_geometric_programming__qwen3-235b-a22b-thinking-2507,11,6.001471360208248,6.0,True,True,stop,296,12437
qwen3-235b-a22b-thinking-2507,level-4,geometric__basic_geometric_programming__qwen3-235b-a22b-thinking-2507,geometric__basic_geometric_programming__qwen3-235b-a22b-thinking-2507,12,25.652743387318573,25.65,True,True,stop,301,13983
qwen3-235b-a22b-thinking-2507,level-4,geometric__basic_geometric_programming__qwen3-235b-a22b-thinking-2507,geometric__basic_geometric_programming__qwen3-235b-a22b-thinking-2507,13,8.831760868875497,8.83,True,True,stop,293,8007
qwen3-235b-a22b-thinking-2507,level-4,geometric__basic_geometric_programming__qwen3-235b-a22b-thinking-2507,geometric__basic_geometric_programming__qwen3-235b-a22b-thinking-2507,14,23.965652915463124,23.96,True,True,stop,312,20907
qwen3-235b-a22b-thinking-2507,level-4,geometric__basic_geometric_programming__qwen3-235b-a22b-thinking-2507,geometric__basic_geometric_programming__qwen3-235b-a22b-thinking-2507,15,1.893987984077169,1.89,True,True,stop,292,16030
qwen3-235b-a22b-thinking-2507,level-4,geometric__basic_geometric_programming__qwen3-235b-a22b-thinking-2507,geometric__basic_geometric_programming__qwen3-235b-a22b-thinking-2507,16,1.527197666803188,1.53,True,True,stop,297,15544
qwen3-235b-a22b-thinking-2507,level-4,geometric__basic_geometric_programming__qwen3-235b-a22b-thinking-2507,geometric__basic_geometric_programming__qwen3-235b-a22b-thinking-2507,17,51.53706926006997,,False,,,311,20058
qwen3-235b-a22b-thinking-2507,level-4,geometric__basic_geometric_programming__qwen3-235b-a22b-thinking-2507,geometric__basic_geometric_programming__qwen3-235b-a22b-thinking-2507,18,6.637338237614702,,False,,,297,17185
qwen3-235b-a22b-thinking-2507,level-4,geometric__basic_geometric_programming__qwen3-235b-a22b-thinking-2507,geometric__basic_geometric_programming__qwen3-235b-a22b-thinking-2507,19,15.2292730957685,15.23,True,True,stop,300,14788
qwen3-235b-a22b-thinking-2507,level-4,geometric__basic_geometric_programming__qwen3-235b-a22b-thinking-2507,geometric__basic_geometric_programming__qwen3-235b-a22b-thinking-2507,20,4.862645161855597,,False,,,310,19953
qwen3-235b-a22b-thinking-2507,level-4,geometric__basic_geometric_programming__qwen3-235b-a22b-thinking-2507,geometric__basic_geometric_programming__qwen3-235b-a22b-thinking-2507,21,2.6499253114130523,,False,,,305,22299
qwen3-235b-a22b-thinking-2507,level-4,geometric__basic_geometric_programming__qwen3-235b-a22b-thinking-2507,geometric__basic_geometric_programming__qwen3-235b-a22b-thinking-2507,22,6.296602916362355,6.3,True,True,stop,304,9864
qwen3-235b-a22b-thinking-2507,level-4,geometric__basic_geometric_programming__qwen3-235b-a22b-thinking-2507,geometric__basic_geometric_programming__qwen3-235b-a22b-thinking-2507,23,18.949078792969143,24.98,True,False,stop,294,9545
qwen3-235b-a22b-thinking-2507,level-4,geometric__basic_geometric_programming__qwen3-235b-a22b-thinking-2507,geometric__basic_geometric_programming__qwen3-235b-a22b-thinking-2507,24,6.031831289662035,,False,,,299,18375
qwen3-235b-a22b-thinking-2507,level-4,geometric__basic_geometric_programming__qwen3-235b-a22b-thinking-2507,geometric__basic_geometric_programming__qwen3-235b-a22b-thinking-2507,25,46.544152500879285,46.55,True,True,stop,300,17596
qwen3-235b-a22b-thinking-2507,level-4,linear_programming__non_trivial_linear_programming__qwen3-235b-a22b-thinking-2507,linear_programming__non_trivial_linear_programming__qwen3-235b-a22b-thinking-2507,1,-9.0,-9.0,True,True,stop,284,7353
qwen3-235b-a22b-thinking-2507,level-4,linear_programming__non_trivial_linear_programming__qwen3-235b-a22b-thinking-2507,linear_programming__non_trivial_linear_programming__qwen3-235b-a22b-thinking-2507,2,107.0,107.0,True,True,stop,285,8754
qwen3-235b-a22b-thinking-2507,level-4,linear_programming__non_trivial_linear_programming__qwen3-235b-a22b-thinking-2507,linear_programming__non_trivial_linear_programming__qwen3-235b-a22b-thinking-2507,3,-26.0,-26.0,True,True,stop,286,6151
qwen3-235b-a22b-thinking-2507,level-4,linear_programming__non_trivial_linear_programming__qwen3-235b-a22b-thinking-2507,linear_programming__non_trivial_linear_programming__qwen3-235b-a22b-thinking-2507,4,37.0,37.0,True,True,stop,284,6154
qwen3-235b-a22b-thinking-2507,level-4,linear_programming__non_trivial_linear_programming__qwen3-235b-a22b-thinking-2507,linear_programming__non_trivial_linear_programming__qwen3-235b-a22b-thinking-2507,5,2.0,2.0,True,True,stop,291,8846
qwen3-235b-a22b-thinking-2507,level-4,linear_programming__non_trivial_linear_programming__qwen3-235b-a22b-thinking-2507,linear_programming__non_trivial_linear_programming__qwen3-235b-a22b-thinking-2507,6,31.0,31.0,True,True,stop,289,8291
qwen3-235b-a22b-thinking-2507,level-4,linear_programming__non_trivial_linear_programming__qwen3-235b-a22b-thinking-2507,linear_programming__non_trivial_linear_programming__qwen3-235b-a22b-thinking-2507,7,10.0,10.0,True,True,stop,287,3664
qwen3-235b-a22b-thinking-2507,level-4,linear_programming__non_trivial_linear_programming__qwen3-235b-a22b-thinking-2507,linear_programming__non_trivial_linear_programming__qwen3-235b-a22b-thinking-2507,8,-11.0,-11.0,True,True,stop,286,5935
qwen3-235b-a22b-thinking-2507,level-4,linear_programming__non_trivial_linear_programming__qwen3-235b-a22b-thinking-2507,linear_programming__non_trivial_linear_programming__qwen3-235b-a22b-thinking-2507,9,-51.0,-51.0,True,True,stop,292,5591
qwen3-235b-a22b-thinking-2507,level-4,linear_programming__non_trivial_linear_programming__qwen3-235b-a22b-thinking-2507,linear_programming__non_trivial_linear_programming__qwen3-235b-a22b-thinking-2507,10,-16.0,-16.0,True,True,stop,286,7277
qwen3-235b-a22b-thinking-2507,level-4,linear_programming__non_trivial_linear_programming__qwen3-235b-a22b-thinking-2507,linear_programming__non_trivial_linear_programming__qwen3-235b-a22b-thinking-2507,11,-129.0,-129.0,True,True,stop,291,8215
qwen3-235b-a22b-thinking-2507,level-4,linear_programming__non_trivial_linear_programming__qwen3-235b-a22b-thinking-2507,linear_programming__non_trivial_linear_programming__qwen3-235b-a22b-thinking-2507,12,-64.0,-64.0,True,True,stop,287,7778
qwen3-235b-a22b-thinking-2507,level-4,linear_programming__non_trivial_linear_programming__qwen3-235b-a22b-thinking-2507,linear_programming__non_trivial_linear_programming__qwen3-235b-a22b-thinking-2507,13,26.0,26.0,True,True,stop,286,11026
qwen3-235b-a22b-thinking-2507,level-4,linear_programming__non_trivial_linear_programming__qwen3-235b-a22b-thinking-2507,linear_programming__non_trivial_linear_programming__qwen3-235b-a22b-thinking-2507,14,88.0,88.0,True,True,stop,288,6200
qwen3-235b-a22b-thinking-2507,level-4,linear_programming__non_trivial_linear_programming__qwen3-235b-a22b-thinking-2507,linear_programming__non_trivial_linear_programming__qwen3-235b-a22b-thinking-2507,15,16.0,16.0,True,True,stop,281,9734
qwen3-235b-a22b-thinking-2507,level-4,linear_programming__non_trivial_linear_programming__qwen3-235b-a22b-thinking-2507,linear_programming__non_trivial_linear_programming__qwen3-235b-a22b-thinking-2507,16,1.0,1.0,True,True,stop,284,4832
qwen3-235b-a22b-thinking-2507,level-4,linear_programming__non_trivial_linear_programming__qwen3-235b-a22b-thinking-2507,linear_programming__non_trivial_linear_programming__qwen3-235b-a22b-thinking-2507,17,-58.0,-58.0,True,True,stop,282,4848
qwen3-235b-a22b-thinking-2507,level-4,linear_programming__non_trivial_linear_programming__qwen3-235b-a22b-thinking-2507,linear_programming__non_trivial_linear_programming__qwen3-235b-a22b-thinking-2507,18,-18.0,-18.0,True,True,stop,285,6445
qwen3-235b-a22b-thinking-2507,level-4,linear_programming__non_trivial_linear_programming__qwen3-235b-a22b-thinking-2507,linear_programming__non_trivial_linear_programming__qwen3-235b-a22b-thinking-2507,19,12.0,12.0,True,True,stop,283,4577
qwen3-235b-a22b-thinking-2507,level-4,linear_programming__non_trivial_linear_programming__qwen3-235b-a22b-thinking-2507,linear_programming__non_trivial_linear_programming__qwen3-235b-a22b-thinking-2507,20,42.0,42.0,True,True,stop,286,5060
qwen3-235b-a22b-thinking-2507,level-4,linear_programming__non_trivial_linear_programming__qwen3-235b-a22b-thinking-2507,linear_programming__non_trivial_linear_programming__qwen3-235b-a22b-thinking-2507,21,32.0,32.0,True,True,stop,286,6465
qwen3-235b-a22b-thinking-2507,level-4,linear_programming__non_trivial_linear_programming__qwen3-235b-a22b-thinking-2507,linear_programming__non_trivial_linear_programming__qwen3-235b-a22b-thinking-2507,22,-129.0,-129.0,True,True,stop,289,11035
qwen3-235b-a22b-thinking-2507,level-4,linear_programming__non_trivial_linear_programming__qwen3-235b-a22b-thinking-2507,linear_programming__non_trivial_linear_programming__qwen3-235b-a22b-thinking-2507,23,12.0,12.0,True,True,stop,289,12308
qwen3-235b-a22b-thinking-2507,level-4,linear_programming__non_trivial_linear_programming__qwen3-235b-a22b-thinking-2507,linear_programming__non_trivial_linear_programming__qwen3-235b-a22b-thinking-2507,24,-156.0,-156.0,True,True,stop,288,9333
qwen3-235b-a22b-thinking-2507,level-4,linear_programming__non_trivial_linear_programming__qwen3-235b-a22b-thinking-2507,linear_programming__non_trivial_linear_programming__qwen3-235b-a22b-thinking-2507,25,4.0,4.0,True,True,stop,284,6661
qwen3-235b-a22b-thinking-2507,level-4,quadratic_constrained_quadratic_programming__basic_qcqp__qwen3-235b-a22b-thinking-2507,quadratic_constrained_quadratic_programming__basic_qcqp__qwen3-235b-a22b-thinking-2507,1,-0.6527777777777778,-1.65,True,False,stop,435,6282
qwen3-235b-a22b-thinking-2507,level-4,quadratic_constrained_quadratic_programming__basic_qcqp__qwen3-235b-a22b-thinking-2507,quadratic_constrained_quadratic_programming__basic_qcqp__qwen3-235b-a22b-thinking-2507,2,-7.333043888860684,,False,,,435,21438
qwen3-235b-a22b-thinking-2507,level-4,quadratic_constrained_quadratic_programming__basic_qcqp__qwen3-235b-a22b-thinking-2507,quadratic_constrained_quadratic_programming__basic_qcqp__qwen3-235b-a22b-thinking-2507,3,-2.8858695652173916,-2.89,True,True,stop,434,8412
qwen3-235b-a22b-thinking-2507,level-4,quadratic_constrained_quadratic_programming__basic_qcqp__qwen3-235b-a22b-thinking-2507,quadratic_constrained_quadratic_programming__basic_qcqp__qwen3-235b-a22b-thinking-2507,4,-2.359016917940804,-2.36,True,True,stop,435,20596
qwen3-235b-a22b-thinking-2507,level-4,quadratic_constrained_quadratic_programming__basic_qcqp__qwen3-235b-a22b-thinking-2507,quadratic_constrained_quadratic_programming__basic_qcqp__qwen3-235b-a22b-thinking-2507,5,-0.5702341137123744,-0.57,True,True,stop,435,8816
qwen3-235b-a22b-thinking-2507,level-4,quadratic_constrained_quadratic_programming__basic_qcqp__qwen3-235b-a22b-thinking-2507,quadratic_constrained_quadratic_programming__basic_qcqp__qwen3-235b-a22b-thinking-2507,6,-1.408488063660478,-1.41,True,True,stop,435,5502
qwen3-235b-a22b-thinking-2507,level-4,quadratic_constrained_quadratic_programming__basic_qcqp__qwen3-235b-a22b-thinking-2507,quadratic_constrained_quadratic_programming__basic_qcqp__qwen3-235b-a22b-thinking-2507,7,-1.0053830995272894,-1.04,True,False,stop,436,17027
qwen3-235b-a22b-thinking-2507,level-4,quadratic_constrained_quadratic_programming__basic_qcqp__qwen3-235b-a22b-thinking-2507,quadratic_constrained_quadratic_programming__basic_qcqp__qwen3-235b-a22b-thinking-2507,8,-0.323943661971831,-1.32,True,False,stop,435,4503
qwen3-235b-a22b-thinking-2507,level-4,quadratic_constrained_quadratic_programming__basic_qcqp__qwen3-235b-a22b-thinking-2507,quadratic_constrained_quadratic_programming__basic_qcqp__qwen3-235b-a22b-thinking-2507,9,-3.5815669350448647,,False,,,434,22013
qwen3-235b-a22b-thinking-2507,level-4,quadratic_constrained_quadratic_programming__basic_qcqp__qwen3-235b-a22b-thinking-2507,quadratic_constrained_quadratic_programming__basic_qcqp__qwen3-235b-a22b-thinking-2507,10,-8.176561169027849,,False,,,434,21322
qwen3-235b-a22b-thinking-2507,level-4,quadratic_constrained_quadratic_programming__basic_qcqp__qwen3-235b-a22b-thinking-2507,quadratic_constrained_quadratic_programming__basic_qcqp__qwen3-235b-a22b-thinking-2507,11,-0.9268558951965065,-9.27,True,False,stop,432,5816
qwen3-235b-a22b-thinking-2507,level-4,quadratic_constrained_quadratic_programming__basic_qcqp__qwen3-235b-a22b-thinking-2507,quadratic_constrained_quadratic_programming__basic_qcqp__qwen3-235b-a22b-thinking-2507,12,-0.44646962832125514,,False,,,434,23139
qwen3-235b-a22b-thinking-2507,level-4,quadratic_constrained_quadratic_programming__basic_qcqp__qwen3-235b-a22b-thinking-2507,quadratic_constrained_quadratic_programming__basic_qcqp__qwen3-235b-a22b-thinking-2507,13,-1.6789542632656407,-1.67,True,True,stop,435,13880
qwen3-235b-a22b-thinking-2507,level-4,quadratic_constrained_quadratic_programming__basic_qcqp__qwen3-235b-a22b-thinking-2507,quadratic_constrained_quadratic_programming__basic_qcqp__qwen3-235b-a22b-thinking-2507,14,-2.7584613476067013,-2.73,True,False,stop,431,20026
qwen3-235b-a22b-thinking-2507,level-4,quadratic_constrained_quadratic_programming__basic_qcqp__qwen3-235b-a22b-thinking-2507,quadratic_constrained_quadratic_programming__basic_qcqp__qwen3-235b-a22b-thinking-2507,15,-1.646341463414634,-1.65,True,True,stop,436,6531
qwen3-235b-a22b-thinking-2507,level-4,quadratic_constrained_quadratic_programming__basic_qcqp__qwen3-235b-a22b-thinking-2507,quadratic_constrained_quadratic_programming__basic_qcqp__qwen3-235b-a22b-thinking-2507,16,-2.075471698113207,-2.08,True,True,stop,434,7819
qwen3-235b-a22b-thinking-2507,level-4,quadratic_constrained_quadratic_programming__basic_qcqp__qwen3-235b-a22b-thinking-2507,quadratic_constrained_quadratic_programming__basic_qcqp__qwen3-235b-a22b-thinking-2507,17,-4.82628958427384,-4.83,True,True,stop,433,22732
qwen3-235b-a22b-thinking-2507,level-4,quadratic_constrained_quadratic_programming__basic_qcqp__qwen3-235b-a22b-thinking-2507,quadratic_constrained_quadratic_programming__basic_qcqp__qwen3-235b-a22b-thinking-2507,18,-4.357142857142857,-4.36,True,True,stop,437,4831
qwen3-235b-a22b-thinking-2507,level-4,quadratic_constrained_quadratic_programming__basic_qcqp__qwen3-235b-a22b-thinking-2507,quadratic_constrained_quadratic_programming__basic_qcqp__qwen3-235b-a22b-thinking-2507,19,-8.625955763374638,,False,,,436,23599
qwen3-235b-a22b-thinking-2507,level-4,quadratic_constrained_quadratic_programming__basic_qcqp__qwen3-235b-a22b-thinking-2507,quadratic_constrained_quadratic_programming__basic_qcqp__qwen3-235b-a22b-thinking-2507,20,-7.067888682790947,,False,,,434,22211
qwen3-235b-a22b-thinking-2507,level-4,quadratic_constrained_quadratic_programming__basic_qcqp__qwen3-235b-a22b-thinking-2507,quadratic_constrained_quadratic_programming__basic_qcqp__qwen3-235b-a22b-thinking-2507,21,-6.9508962690351614,,False,,,435,22890
qwen3-235b-a22b-thinking-2507,level-4,quadratic_constrained_quadratic_programming__basic_qcqp__qwen3-235b-a22b-thinking-2507,quadratic_constrained_quadratic_programming__basic_qcqp__qwen3-235b-a22b-thinking-2507,22,-0.4728260869565218,-0.47,True,True,stop,434,6451
qwen3-235b-a22b-thinking-2507,level-4,quadratic_constrained_quadratic_programming__basic_qcqp__qwen3-235b-a22b-thinking-2507,quadratic_constrained_quadratic_programming__basic_qcqp__qwen3-235b-a22b-thinking-2507,23,-0.8516746411483253,-178.0,True,False,stop,434,7258
qwen3-235b-a22b-thinking-2507,level-4,quadratic_constrained_quadratic_programming__basic_qcqp__qwen3-235b-a22b-thinking-2507,quadratic_constrained_quadratic_programming__basic_qcqp__qwen3-235b-a22b-thinking-2507,24,-1.9731512122637183,-1.97,True,True,stop,434,18800
qwen3-235b-a22b-thinking-2507,level-4,quadratic_constrained_quadratic_programming__basic_qcqp__qwen3-235b-a22b-thinking-2507,quadratic_constrained_quadratic_programming__basic_qcqp__qwen3-235b-a22b-thinking-2507,25,-1.8900990099009904,-1.8,True,False,stop,435,6913
qwen3-235b-a22b-thinking-2507,level-4,quadratic_programming__quadratic_programming__qwen3-235b-a22b-thinking-2507,quadratic_programming__quadratic_programming__qwen3-235b-a22b-thinking-2507,1,43.498100666611094,43.5,True,True,stop,363,12117
qwen3-235b-a22b-thinking-2507,level-4,quadratic_programming__quadratic_programming__qwen3-235b-a22b-thinking-2507,quadratic_programming__quadratic_programming__qwen3-235b-a22b-thinking-2507,2,300.30384621433706,300.26,True,False,stop,354,19359
qwen3-235b-a22b-thinking-2507,level-4,quadratic_programming__quadratic_programming__qwen3-235b-a22b-thinking-2507,quadratic_programming__quadratic_programming__qwen3-235b-a22b-thinking-2507,3,50.87500000108809,50.88,True,True,stop,356,9785
qwen3-235b-a22b-thinking-2507,level-4,quadratic_programming__quadratic_programming__qwen3-235b-a22b-thinking-2507,quadratic_programming__quadratic_programming__qwen3-235b-a22b-thinking-2507,4,146.73106152507924,198.91,True,False,stop,361,14070
qwen3-235b-a22b-thinking-2507,level-4,quadratic_programming__quadratic_programming__qwen3-235b-a22b-thinking-2507,quadratic_programming__quadratic_programming__qwen3-235b-a22b-thinking-2507,5,41.85457064186488,41.85,True,True,stop,358,12583
qwen3-235b-a22b-thinking-2507,level-4,quadratic_programming__quadratic_programming__qwen3-235b-a22b-thinking-2507,quadratic_programming__quadratic_programming__qwen3-235b-a22b-thinking-2507,6,49.49999999999946,49.5,True,True,stop,354,6482
qwen3-235b-a22b-thinking-2507,level-4,quadratic_programming__quadratic_programming__qwen3-235b-a22b-thinking-2507,quadratic_programming__quadratic_programming__qwen3-235b-a22b-thinking-2507,7,73.85147476886699,134.24,True,False,stop,361,9945
qwen3-235b-a22b-thinking-2507,level-4,quadratic_programming__quadratic_programming__qwen3-235b-a22b-thinking-2507,quadratic_programming__quadratic_programming__qwen3-235b-a22b-thinking-2507,8,134.5320404989256,134.49,True,False,stop,360,20748
qwen3-235b-a22b-thinking-2507,level-4,quadratic_programming__quadratic_programming__qwen3-235b-a22b-thinking-2507,quadratic_programming__quadratic_programming__qwen3-235b-a22b-thinking-2507,9,12.724481329270606,12.72,True,True,stop,355,17122
qwen3-235b-a22b-thinking-2507,level-4,quadratic_programming__quadratic_programming__qwen3-235b-a22b-thinking-2507,quadratic_programming__quadratic_programming__qwen3-235b-a22b-thinking-2507,10,30.848571428127517,30.85,True,True,stop,358,18224
qwen3-235b-a22b-thinking-2507,level-4,quadratic_programming__quadratic_programming__qwen3-235b-a22b-thinking-2507,quadratic_programming__quadratic_programming__qwen3-235b-a22b-thinking-2507,11,104.66089979132082,105.65,True,False,stop,351,11251
qwen3-235b-a22b-thinking-2507,level-4,quadratic_programming__quadratic_programming__qwen3-235b-a22b-thinking-2507,quadratic_programming__quadratic_programming__qwen3-235b-a22b-thinking-2507,12,132.55197390577683,134.79,True,False,stop,356,21595
qwen3-235b-a22b-thinking-2507,level-4,quadratic_programming__quadratic_programming__qwen3-235b-a22b-thinking-2507,quadratic_programming__quadratic_programming__qwen3-235b-a22b-thinking-2507,13,25.088152985393073,25.09,True,True,stop,356,7475
qwen3-235b-a22b-thinking-2507,level-4,quadratic_programming__quadratic_programming__qwen3-235b-a22b-thinking-2507,quadratic_programming__quadratic_programming__qwen3-235b-a22b-thinking-2507,14,22.95867768666089,22.96,True,True,stop,361,11805
qwen3-235b-a22b-thinking-2507,level-4,quadratic_programming__quadratic_programming__qwen3-235b-a22b-thinking-2507,quadratic_programming__quadratic_programming__qwen3-235b-a22b-thinking-2507,15,131.52000001709354,131.52,True,True,stop,354,9847
qwen3-235b-a22b-thinking-2507,level-4,quadratic_programming__quadratic_programming__qwen3-235b-a22b-thinking-2507,quadratic_programming__quadratic_programming__qwen3-235b-a22b-thinking-2507,16,99.71590911344391,99.72,True,True,stop,354,6711
qwen3-235b-a22b-thinking-2507,level-4,quadratic_programming__quadratic_programming__qwen3-235b-a22b-thinking-2507,quadratic_programming__quadratic_programming__qwen3-235b-a22b-thinking-2507,17,55.764171713980666,156.72,True,False,stop,355,14630
qwen3-235b-a22b-thinking-2507,level-4,quadratic_programming__quadratic_programming__qwen3-235b-a22b-thinking-2507,quadratic_programming__quadratic_programming__qwen3-235b-a22b-thinking-2507,18,124.3804256229725,124.38,True,True,stop,354,13674
qwen3-235b-a22b-thinking-2507,level-4,quadratic_programming__quadratic_programming__qwen3-235b-a22b-thinking-2507,quadratic_programming__quadratic_programming__qwen3-235b-a22b-thinking-2507,19,20.686704527264528,45.04,True,False,stop,359,20393
qwen3-235b-a22b-thinking-2507,level-4,quadratic_programming__quadratic_programming__qwen3-235b-a22b-thinking-2507,quadratic_programming__quadratic_programming__qwen3-235b-a22b-thinking-2507,20,60.484848489806765,60.48,True,True,stop,357,8123
qwen3-235b-a22b-thinking-2507,level-4,quadratic_programming__quadratic_programming__qwen3-235b-a22b-thinking-2507,quadratic_programming__quadratic_programming__qwen3-235b-a22b-thinking-2507,21,30.490822030473268,30.49,True,True,stop,354,11328
qwen3-235b-a22b-thinking-2507,level-4,quadratic_programming__quadratic_programming__qwen3-235b-a22b-thinking-2507,quadratic_programming__quadratic_programming__qwen3-235b-a22b-thinking-2507,22,6.945308930228182,6.95,True,True,stop,361,11694
qwen3-235b-a22b-thinking-2507,level-4,quadratic_programming__quadratic_programming__qwen3-235b-a22b-thinking-2507,quadratic_programming__quadratic_programming__qwen3-235b-a22b-thinking-2507,23,54.63030399528724,54.62,True,False,stop,364,15188
qwen3-235b-a22b-thinking-2507,level-4,quadratic_programming__quadratic_programming__qwen3-235b-a22b-thinking-2507,quadratic_programming__quadratic_programming__qwen3-235b-a22b-thinking-2507,24,328.9484912046852,328.95,True,True,stop,358,15557
qwen3-235b-a22b-thinking-2507,level-4,quadratic_programming__quadratic_programming__qwen3-235b-a22b-thinking-2507,quadratic_programming__quadratic_programming__qwen3-235b-a22b-thinking-2507,25,118.77044754590194,118.76,True,False,stop,351,13499
