model,level,source_file,example_index,problem_type,primary_error_type,secondary_error_types,correct,finish_reason,input_tokens,output_tokens,reasoning_formulation_score,reasoning_approach_score,reasoning_constraint_score,reasoning_hallucination,reasoning_failure_point,arithmetic_error_found,arithmetic_first_error_step,arithmetic_computed_value,arithmetic_correct_value,arithmetic_error_magnitude,arithmetic_cascaded,arithmetic_additional_independent_errors,final_correct_value_in_reasoning,final_correct_value_found,final_distance_from_expected,final_model_recognized_it,final_reason_not_recognized,final_context
Qwen Plus,level-1,eval_results_qwen_plus/level-1/geometric__basic_geometric_programming__qwen-plus.json,0,geometric,no_correct_value_found,,False,stop,260,968,2,2,2,False,arithmetic mistake (final objective value at feasible candidate is computed incorrectly; reasoning and justification are otherwise valid),False,,,,,,0,False,,,,,
Qwen Plus,level-1,eval_results_qwen_plus/level-1/geometric__basic_geometric_programming__qwen-plus.json,1,geometric,partial_reasoning_failure,,False,stop,261,2767,2,1,2,False,Did not fully prove global optimality; relied on discretized point sampling near boundaries instead of a complete continuous minimization argument.,False,,,,,,0,False,,,,,
Qwen Plus,level-1,eval_results_qwen_plus/level-1/geometric__basic_geometric_programming__qwen-plus.json,2,geometric,no_correct_value_found,,False,stop,258,1200,2,2,2,False,"Arithmetic approximation in final answer, not a reasoning or feasibility issue.",False,,,,,,0,False,,,,,
Qwen Plus,level-1,eval_results_qwen_plus/level-1/geometric__basic_geometric_programming__qwen-plus.json,3,geometric,arithmetic_failure,no_correct_value_found,False,stop,257,948,2,2,2,False,No significant failure; arithmetic not exact but reasoning is complete.,True,"Not maximizing x1 to its upper bound (x1=5) for x2=0.5, leading to an incorrect minimum objective evaluation.",1.61,1.4,medium (5-20%),False,0,False,,,,,
Qwen Plus,level-1,eval_results_qwen_plus/level-1/quadratic_constrained_quadratic_programming__basic_qcqp__qwen-plus.json,0,qcqp,partial_reasoning_failure,,False,stop,286,7980,2,1,2,False,"approach: Final reported value comes from a sampled feasible point, not a rigorous argument of optimality; does not solve the full active-set equations or prove the minimum is globally attained at that point.",False,,,,,,0,False,,,,,
Qwen Plus,level-1,eval_results_qwen_plus/level-1/quadratic_constrained_quadratic_programming__basic_qcqp__qwen-plus.json,1,qcqp,hallucination,partial_reasoning_failure|partial_constraint_handling_failure,False,stop,283,7485,2,1,1,True,Committed to the unconstrained minimizer's value as final answer after checking and acknowledging constraint violation at that point.,False,,,,,,0,False,,,,,
Qwen Plus,level-1,eval_results_qwen_plus/level-1/quadratic_constrained_quadratic_programming__basic_qcqp__qwen-plus.json,2,qcqp,partial_reasoning_failure,,False,stop,285,3291,2,1,2,False,Global optimality is not proven; only feasible point testing is performed.,False,,,,,,0,False,,,,,
Qwen Plus,level-1,eval_results_qwen_plus/level-1/quadratic_constrained_quadratic_programming__basic_qcqp__qwen-plus.json,3,qcqp,partial_reasoning_failure,,False,stop,287,3915,2,1,2,False,Did not establish global optimality; relied on point sampling instead of solving the constraint-active subproblem or fully exploiting KKT.,False,,,,,,0,False,,,,,
Qwen Plus,level-1,eval_results_qwen_plus/level-1/quadratic_constrained_quadratic_programming__basic_qcqp__qwen-plus.json,4,qcqp,partial_reasoning_failure,arithmetic_failure,False,stop,284,3793,2,1,2,False,"No proof of global optimality; solution relies on sampling/descent, not active-set/KKT or a convexity-based optimality argument.",True,"Evaluation of x^T Q_0 x at x = [0.528, 0.3545]",2.394,3.011,medium (5-20%),True,0,False,,,,,
Qwen Plus,level-1,eval_results_qwen_plus/level-1/quadratic_constrained_quadratic_programming__basic_qcqp__qwen-plus.json,5,qcqp,partial_reasoning_failure,,False,stop,286,3084,2,1,2,False,Relied on point sampling and local search without proving global optimality or using an exact KKT or active-set argument.,False,,,,,,0,False,,,,,
Qwen Plus,level-1,eval_results_qwen_plus/level-1/quadratic_constrained_quadratic_programming__basic_qcqp__qwen-plus.json,6,qcqp,no_correct_value_found,,False,stop,287,1722,2,2,2,False,"Minor numerical difference due to rounding; otherwise, reasoning is complete.",False,,,,,,0,False,,,,,
Qwen Plus,level-1,eval_results_qwen_plus/level-1/quadratic_programming__quadratic_programming__qwen-plus.json,0,quadratic_programming,partial_reasoning_failure,,False,stop,295,1335,2,1,2,False,Approach does not fully prove no lower value is possible along any edge or on the unbounded region; a more thorough boundary analysis or explicit global optimality argument is needed for approach_score=2.,False,,,,,,0,False,,,,,
Qwen Plus,level-2,eval_results_qwen_plus/level-2/geometric__basic_geometric_programming__qwen-plus.json,0,geometric,dismissed_correct_answer,,False,stop,270,2852,2,2,2,False,"Model gives a first-pass answer rather than the arithmetic minimizer, but all steps are justified with correct analysis.",False,,,,,,0,True,13.158,0.00,False,dismissed,
Qwen Plus,level-2,eval_results_qwen_plus/level-2/geometric__basic_geometric_programming__qwen-plus.json,1,geometric,dismissed_correct_answer,,False,stop,277,2832,2,2,2,False,"Model reported a non-optimal feasible point as the final answer, despite computing a lower feasible objective elsewhere. This is a reasoning failure, not hallucination.",False,,,,,,0,True,10.188,0.00,False,dismissed,
Qwen Plus,level-2,eval_results_qwen_plus/level-2/quadratic_constrained_quadratic_programming__basic_qcqp__qwen-plus.json,0,qcqp,partial_reasoning_failure,,False,stop,324,1590,2,1,2,False,"Did not prove global optimality, only performed pointwise search.",False,,,,,,0,False,,,,,
Qwen Plus,level-2,eval_results_qwen_plus/level-2/quadratic_constrained_quadratic_programming__basic_qcqp__qwen-plus.json,1,qcqp,partial_constraint_handling_failure,partial_reasoning_failure,False,stop,327,3767,2,1,1,False,"Heuristic point search is not a proof of global optimality; no KKT, active-set, or boundary analysis was performed.",False,,,,,,0,False,,,,,
Qwen Plus,level-2,eval_results_qwen_plus/level-2/quadratic_constrained_quadratic_programming__basic_qcqp__qwen-plus.json,2,qcqp,partial_constraint_handling_failure,partial_reasoning_failure,False,stop,323,2379,2,1,1,False,Stopped at first feasible sampled point without global optimality argument,False,,,,,,0,False,,,,,
Qwen Plus,level-2,eval_results_qwen_plus/level-2/quadratic_constrained_quadratic_programming__basic_qcqp__qwen-plus.json,3,qcqp,partial_constraint_handling_failure,partial_reasoning_failure|arithmetic_failure,False,stop,323,4475,2,1,1,False,Did not fully solve the KKT system for all active sets or provide an argument that the candidate point gives the global optimum; only provides a locally feasible candidate after some heuristic adjustment.,True,"Computation of the objective value at x ≈ [0.3367, 0.4230]",-0.0084,-0.2857,large (> 20%),True,0,False,,,,,
Qwen Plus,level-2,eval_results_qwen_plus/level-2/quadratic_constrained_quadratic_programming__basic_qcqp__qwen-plus.json,4,qcqp,partial_reasoning_failure,,False,stop,323,3095,2,1,2,False,"Did not solve the constrained minimization (e.g., via KKT or boundary analysis) after finding the unconstrained minimizer was infeasible; instead, only sampled points, so did not prove global optimality.",False,,,,,,0,False,,,,,
Qwen Plus,level-2,eval_results_qwen_plus/level-2/quadratic_constrained_quadratic_programming__basic_qcqp__qwen-plus.json,5,qcqp,partial_reasoning_failure,,False,stop,322,8234,2,1,2,False,"No global optimality proof: the model uses point-wise search and picks the best feasible value found, but does not prove it's the minimum.",False,,,,,,0,False,,,,,
Qwen Plus,level-2,eval_results_qwen_plus/level-2/quadratic_constrained_quadratic_programming__basic_qcqp__qwen-plus.json,6,qcqp,hallucination,partial_reasoning_failure|partial_constraint_handling_failure,False,stop,327,4151,2,1,1,True,The model uses the objective at the infeasible unconstrained minimizer as the final answer after establishing its infeasibility.,False,,,,,,0,False,,,,,
Qwen Plus,level-2,eval_results_qwen_plus/level-2/quadratic_constrained_quadratic_programming__basic_qcqp__qwen-plus.json,7,qcqp,partial_constraint_handling_failure,partial_reasoning_failure,False,stop,325,1465,2,1,1,False,"Does not prove global optimality—only demonstrates a feasible sampled point, not a minimum.",False,,,,,,0,False,,,,,
Qwen Plus,level-2,eval_results_qwen_plus/level-2/quadratic_constrained_quadratic_programming__basic_qcqp__qwen-plus.json,8,qcqp,partial_constraint_handling_failure,partial_reasoning_failure,False,stop,327,7241,2,1,1,False,Did not fully solve the KKT/active-set boundary problem; only sampled points on the boundary and did not prove global optimality.,False,,,,,,0,False,,,,,
Qwen Plus,level-2,eval_results_qwen_plus/level-2/quadratic_constrained_quadratic_programming__basic_qcqp__qwen-plus.json,9,qcqp,partial_constraint_handling_failure,partial_reasoning_failure,False,stop,323,3570,2,1,1,False,The model samples over x2=0 without justification; no global optimality argument is given for restricting to that axis or those points.,False,,,,,,0,False,,,,,
Qwen Plus,level-2,eval_results_qwen_plus/level-2/quadratic_programming__quadratic_programming__qwen-plus.json,0,quadratic_programming,partial_reasoning_failure,arithmetic_failure,False,stop,311,1466,2,1,2,False,Incomplete optimality proof: did not systematically consider all possible active constraint sets or fully verify KKT conditions.,True,Model's computation of x^T P x,815.2,661.54,large (> 20%),True,0,False,,,,,
Qwen Plus,level-3,eval_results_qwen_plus/level-3/geometric__basic_geometric_programming__qwen-plus.json,0,geometric,partial_reasoning_failure,,False,stop,313,1958,2,1,2,False,No global optimality proof; only point sampling was used.,False,,,,,,0,False,,,,,
Qwen Plus,level-3,eval_results_qwen_plus/level-3/geometric__basic_geometric_programming__qwen-plus.json,1,geometric,partial_reasoning_failure,,False,stop,301,2777,2,1,2,False,Restricted to x1 = x2 = x3 or a function of x1 without justification; no proof that optimum cannot be outside this subspace.,False,,,,,,0,False,,,,,
Qwen Plus,level-3,eval_results_qwen_plus/level-3/geometric__basic_geometric_programming__qwen-plus.json,2,geometric,partial_constraint_handling_failure,partial_reasoning_failure,False,stop,302,1354,2,1,1,False,Relies on feasible point sampling without proving global optimality; no full KKT/boundary or structural argument.,False,,,,,,0,False,,,,,
Qwen Plus,level-3,eval_results_qwen_plus/level-3/geometric__basic_geometric_programming__qwen-plus.json,3,geometric,partial_reasoning_failure,,False,stop,297,2761,2,1,2,False,"Did not mathematically prove global optimality for all feasible (x1,x2,x3): only justified by searching along x3=x2^2 and maximizing x1, so approach_score=1 by restricted-subspace rule.",False,,,,,,0,False,,,,,
Qwen Plus,level-3,eval_results_qwen_plus/level-3/geometric__basic_geometric_programming__qwen-plus.json,4,geometric,partial_constraint_handling_failure,partial_reasoning_failure,False,stop,304,7594,2,1,1,False,"The model did not rigorously solve the full KKT or prove global optimality, instead giving best-found feasible boundary points.",False,,,,,,0,False,,,,,
Qwen Plus,level-3,eval_results_qwen_plus/level-3/geometric__basic_geometric_programming__qwen-plus.json,5,geometric,partial_constraint_handling_failure,partial_reasoning_failure,False,stop,299,1978,2,1,1,False,"Did not justify global optimality; only point sampling and restricted subspace, without full optimizer proof.",False,,,,,,0,False,,,,,
Qwen Plus,level-3,eval_results_qwen_plus/level-3/geometric__basic_geometric_programming__qwen-plus.json,6,geometric,partial_reasoning_failure,,False,stop,306,2063,2,1,2,False,"Did not prove global optimality, only tested feasible sampled points.",False,,,,,,0,False,,,,,
Qwen Plus,level-3,eval_results_qwen_plus/level-3/geometric__basic_geometric_programming__qwen-plus.json,7,geometric,partial_reasoning_failure,,False,stop,305,3932,2,1,2,False,Global optimality is not proved; the solution consists of point sampling and educated searching but not a complete analytical argument.,False,,,,,,0,False,,,,,
Qwen Plus,level-3,eval_results_qwen_plus/level-3/geometric__basic_geometric_programming__qwen-plus.json,8,geometric,partial_reasoning_failure,,False,stop,305,3493,2,1,2,False,Did not establish global optimality—only tested and selected feasible points without a full proof.,False,,,,,,0,False,,,,,
Qwen Plus,level-3,eval_results_qwen_plus/level-3/geometric__basic_geometric_programming__qwen-plus.json,9,geometric,no_correct_value_found,,False,stop,301,4141,2,2,2,False,"N/A (model gave a valid, well-explained, fully feasible solution; if any error, it would be in minor calculation, not reasoning).",False,,,,,,0,False,,,,,
Qwen Plus,level-3,eval_results_qwen_plus/level-3/geometric__basic_geometric_programming__qwen-plus.json,10,geometric,partial_reasoning_failure,,False,stop,316,4920,2,1,2,False,"Approach is incomplete—global optimality along the chosen subspace (x1 = x2, x3 = 5) is assumed rather than strictly proven via KKT or a full argument.",False,,,,,,0,False,,,,,
Qwen Plus,level-3,eval_results_qwen_plus/level-3/geometric__basic_geometric_programming__qwen-plus.json,11,geometric,partial_reasoning_failure,,False,stop,313,3464,2,1,2,False,"Lack of global optimality proof: Sampling and boundary-approximation, not an optimizing argument.",False,,8.493741174169266,8.493741174169266,,,0,False,,,,,
Qwen Plus,level-3,eval_results_qwen_plus/level-3/geometric__basic_geometric_programming__qwen-plus.json,12,geometric,partial_reasoning_failure,arithmetic_failure,False,stop,295,1922,2,1,2,False,"Global optimality is not fully established, as the model does not prove the optimum must occur at the intersection of these active constraints without a KKT or convexity argument.",True,"Computation of 'numerator' (5*x2^2*x3 at x2 ≈ 1.512, x3 ≈ 1.787): model computes 30.895 when correct is 22.864",30.895,22.864,large (> 20%),True,0,False,,,,,
Qwen Plus,level-3,eval_results_qwen_plus/level-3/geometric__basic_geometric_programming__qwen-plus.json,13,geometric,partial_reasoning_failure,arithmetic_failure,False,stop,309,5498,2,1,2,False,The approach does not establish global optimality; it only finds a low objective value at a feasible point by point sampling.,True,"Objective value at (x1=1.79, x2=1.14, x3=1.75) is computed incorrectly.",31.65,31.33,medium (5-20%),,0,False,,,,,
Qwen Plus,level-3,eval_results_qwen_plus/level-3/geometric__basic_geometric_programming__qwen-plus.json,14,geometric,no_correct_value_found,,False,stop,312,4702,2,2,2,False,"Very slight gap in strict global optimality argument for this nonconvex rational problem, but reasoning is essentially complete; numerical answer is derived from feasible, constraint-checked point.",False,,,,,,0,False,,,,,
Qwen Plus,level-3,eval_results_qwen_plus/level-3/geometric__basic_geometric_programming__qwen-plus.json,15,geometric,partial_reasoning_failure,,False,stop,304,2978,2,1,2,False,"Failed to prove global optimality: only tested candidates and chose lowest, rather than establishing the minimum via full KKT or equivalent argument.",False,,,,,,0,False,,,,,
Qwen Plus,level-3,eval_results_qwen_plus/level-3/linear_programming__non_trivial_linear_programming__qwen-plus.json,0,linear_programming,partial_reasoning_failure,,False,stop,278,1736,2,1,2,False,"Failed to enumerate or test all basic feasible vertices/boundaries, so did not fully prove global optimality.",False,,,,,,0,False,,,,,
Qwen Plus,level-3,eval_results_qwen_plus/level-3/quadratic_constrained_quadratic_programming__basic_qcqp__qwen-plus.json,0,qcqp,partial_reasoning_failure,arithmetic_failure,False,stop,386,4011,2,1,2,False,Only explores objective along a single descent direction without justifying global optimality; does not prove that no other feasible x yields a lower objective.,True,"Solving Q0 x = -c0: model's hand-calculation leads to x* ≈ [1.421, -1.254, -0.895], which is not the correct solution.","[1.421, -1.254, -0.895]","[0.607, -0.269, -0.587]",large (> 20%),True,0,False,,,,,
Qwen Plus,level-3,eval_results_qwen_plus/level-3/quadratic_constrained_quadratic_programming__basic_qcqp__qwen-plus.json,1,qcqp,partial_reasoning_failure,arithmetic_failure,False,stop,388,3172,2,1,2,False,"Heuristic descent step with feasible point sampling, not a global optimality proof.",True,"Model computes x^T Q_0 x for x = [-0.4, 0.2, -0.1] and claims x^T Q_0 x ≈ 0.77 (so (1/2)x^T Q_0 x ≈ 0.385)",0.385,0.505,medium (5-20%),True,0,False,,,,,
Qwen Plus,level-3,eval_results_qwen_plus/level-3/quadratic_constrained_quadratic_programming__basic_qcqp__qwen-plus.json,2,qcqp,hallucination,partial_reasoning_failure|partial_constraint_handling_failure|dismissed_correct_answer,False,stop,391,6732,2,1,1,True,Committed to value at infeasible unconstrained minimizer after explicit recognition of infeasibility.,False,,,,,,0,True,-3.7409,0.01,False,dismissed,
Qwen Plus,level-3,eval_results_qwen_plus/level-3/quadratic_constrained_quadratic_programming__basic_qcqp__qwen-plus.json,3,qcqp,partial_constraint_handling_failure,partial_reasoning_failure,False,stop,385,2983,2,1,1,False,"Restricted the solution to x = [a,0,0] without proof that the optimum must lie on this axis; did not prove global optimality.",False,,,,,,0,False,,,,,
Qwen Plus,level-3,eval_results_qwen_plus/level-3/quadratic_constrained_quadratic_programming__basic_qcqp__qwen-plus.json,4,qcqp,partial_constraint_handling_failure,partial_reasoning_failure|arithmetic_failure,False,stop,386,1360,2,1,1,False,"Approach is incomplete: candidate descent along the negative gradient does not prove the obtained value is globally optimal, nor are active constraints analyzed or solved.",True,Gradient at claimed unconstrained minimizer x*,"Gradient: [-0.2857143, -3.37142859, -1.82857148]","[0, 0, 0] (exact zero vector required at stationary point)",large (> 20%),True,0,False,,,,,
Qwen Plus,level-3,eval_results_qwen_plus/level-3/quadratic_constrained_quadratic_programming__basic_qcqp__qwen-plus.json,5,qcqp,partial_constraint_handling_failure,partial_reasoning_failure|arithmetic_failure,False,stop,387,4088,2,1,1,False,Did not prove global optimality; only performed line search along descent direction without justification.,True,"Computation of unconstrained minimizer x* = Q_0^{-1}(-c_0); model's solution [1.667, 0.947, 2.351] is incorrect.","[1.667, 0.947, 2.351]","[1.0, 2.0, 3.0]",large (> 20%),True,0,False,,,,,
Qwen Plus,level-3,eval_results_qwen_plus/level-3/quadratic_constrained_quadratic_programming__basic_qcqp__qwen-plus.json,6,qcqp,partial_reasoning_failure,,False,stop,385,1610,2,1,2,False,Did not prove or argue global optimality; only tested points.,False,,,,,,0,False,,,,,
Qwen Plus,level-3,eval_results_qwen_plus/level-3/quadratic_constrained_quadratic_programming__basic_qcqp__qwen-plus.json,7,qcqp,hallucination,partial_reasoning_failure|partial_constraint_handling_failure|arithmetic_failure,False,stop,384,3549,2,1,1,True,The failure occurs after the unconstrained minimizer is found infeasible: the model then reports an unsupported value as the final answer without valid derivation from feasible candidates or boundary analysis.,True,Solving Q_0 x = -c_0 to find unconstrained minimizer x*,"x* ≈ [-2.823, 0.7345, 2.832]","x* ≈ [-0.0997, 0.1569, 0.5931]",large (> 20%),True,0,False,,,,,
Qwen Plus,level-3,eval_results_qwen_plus/level-3/quadratic_constrained_quadratic_programming__basic_qcqp__qwen-plus.json,8,qcqp,partial_constraint_handling_failure,partial_reasoning_failure,False,stop,386,2780,2,1,1,False,Stopped after a restricted line search without checking all constraints or proving global optimality; did not establish feasibility or optimality for reported value.,False,,,,,,0,False,,,,,
Qwen Plus,level-3,eval_results_qwen_plus/level-3/quadratic_constrained_quadratic_programming__basic_qcqp__qwen-plus.json,9,qcqp,partial_reasoning_failure,,False,stop,386,2638,2,1,2,False,"approach: restricts search to x=[t,0,0] and picks best feasible sampled point but does not prove this covers the global optimum.",False,,,,,,0,False,,,,,
Qwen Plus,level-3,eval_results_qwen_plus/level-3/quadratic_constrained_quadratic_programming__basic_qcqp__qwen-plus.json,10,qcqp,partial_constraint_handling_failure,partial_reasoning_failure,False,stop,387,2799,2,1,1,False,"Did not prove global optimality—only evaluated sampled feasible points, so could not claim result is minimum.",False,,,,,,0,False,,,,,
Qwen Plus,level-3,eval_results_qwen_plus/level-3/quadratic_programming__quadratic_programming__qwen-plus.json,0,quadratic_programming,partial_reasoning_failure,arithmetic_failure,False,stop,355,2424,2,1,2,False,Did not prove global optimality; reasoning stopped after finding a feasible vertex and did not exclude lower values at other candidates.,True,"Computation of x^T P x for x ≈ [2.037, 1.444, 4.111]",410.54,469.28,large (> 20%),True,0,False,,,,,
Qwen Plus,level-3,eval_results_qwen_plus/level-3/quadratic_programming__quadratic_programming__qwen-plus.json,1,quadratic_programming,partial_constraint_handling_failure,partial_reasoning_failure|arithmetic_failure,False,stop,349,2313,2,1,1,False,Did not prove global optimality—stopped after finding the first feasible active-set solution without checking all active sets or proving no lower value could be achieved elsewhere.,True,"Solving the active set equations (finding x1, x2, x3)","[2.095, 2.714, 2.857]","[2.222, 2.571, 3.286]",medium (5-20%),True,0,False,,,,,
Qwen Plus,level-3,eval_results_qwen_plus/level-3/quadratic_programming__quadratic_programming__qwen-plus.json,2,quadratic_programming,partial_reasoning_failure,,False,stop,351,3039,2,1,2,False,Did not fully justify global optimality: only sampled points on 1D intersection rather than analytically minimizing along the allowed segment.,False,,,,,,0,False,,,,,
Qwen Plus,level-3,eval_results_qwen_plus/level-3/quadratic_programming__quadratic_programming__qwen-plus.json,3,quadratic_programming,no_correct_value_found,,False,stop,355,2134,2,2,2,False,No critical failures; method establishes global optimality and correctly identifies active set.,False,,,,,,0,False,,,,,
Qwen Plus,level-3,eval_results_qwen_plus/level-3/quadratic_programming__quadratic_programming__qwen-plus.json,4,quadratic_programming,partial_constraint_handling_failure,partial_reasoning_failure|arithmetic_failure,False,stop,353,3297,2,1,1,False,Approach stops at the best feasible sampled vertex without a global optimality proof.,True,"model's computation of x^T P x at x = [1.308, 0.827, 1.058]",97.394,78.011,large (> 20%),True,0,False,,,,,
Qwen Plus,level-3,eval_results_qwen_plus/level-3/quadratic_programming__quadratic_programming__qwen-plus.json,5,quadratic_programming,partial_reasoning_failure,,False,stop,355,3205,2,1,2,False,Did not exhaustively check all active-set combinations nor prove global optimality at the chosen point; stopped after a plausible vertex was found and verified feasible.,False,,,,,,0,False,,,,,
Qwen Plus,level-3,eval_results_qwen_plus/level-3/quadratic_programming__quadratic_programming__qwen-plus.json,6,quadratic_programming,partial_reasoning_failure,,False,stop,356,1355,2,1,2,False,Did not justify that the chosen active-set yields the global minimizer; did not explore or prove optimality over all possible combinations of active-set constraints.,False,,,,,,0,False,,,,,
Qwen Plus,level-3,eval_results_qwen_plus/level-3/quadratic_programming__quadratic_programming__qwen-plus.json,7,quadratic_programming,partial_constraint_handling_failure,partial_reasoning_failure|arithmetic_failure,False,stop,354,5329,2,1,1,False,Global optimality is not fully established—the candidate with lowest tested value is treated as optimal without a complete KKT or vertex active-set justification.,True,"Evaluation of objective at x = [2, 1, 3]",129.5,127.14040563620361,medium (5-20%),False,0,False,,,,,
Qwen Plus,level-3,eval_results_qwen_plus/level-3/quadratic_programming__quadratic_programming__qwen-plus.json,8,quadratic_programming,partial_constraint_handling_failure,partial_reasoning_failure,False,stop,348,1663,2,1,1,False,Inequality constraints were not checked at the computed candidate; solution does not account for their possible influence or binding status.,False,,,,,,0,False,,,,,
Qwen Plus,level-3,eval_results_qwen_plus/level-3/quadratic_programming__quadratic_programming__qwen-plus.json,9,quadratic_programming,partial_constraint_handling_failure,partial_reasoning_failure,False,stop,352,1608,2,1,1,False,"The model fails to prove global optimality, only checking the objective at one feasible point without justifying why it should be optimal.",False,,,,,,0,False,,,,,
Qwen Plus,level-3,eval_results_qwen_plus/level-3/quadratic_programming__quadratic_programming__qwen-plus.json,10,quadratic_programming,partial_constraint_handling_failure,partial_reasoning_failure,False,stop,350,4011,2,1,1,False,Stopped after checking objective at a feasible point without global optimality proof; no full active set argument or KKT solution was completed.,False,,,,,,0,False,,,,,
Qwen Plus,level-3,eval_results_qwen_plus/level-3/quadratic_programming__quadratic_programming__qwen-plus.json,11,quadratic_programming,partial_constraint_handling_failure,partial_reasoning_failure,False,stop,352,800,2,1,1,False,Only evaluates a single feasible point and does not justify global optimality; constraint handling is limited to feasibility checking at that point.,False,,,,,,0,False,,,,,
Qwen Plus,level-3,eval_results_qwen_plus/level-3/quadratic_programming__quadratic_programming__qwen-plus.json,12,quadratic_programming,no_correct_value_found,,False,stop,355,2219,2,2,2,False,n/a,False,,,,,,0,False,,,,,
Qwen Plus,level-3,eval_results_qwen_plus/level-3/quadratic_programming__quadratic_programming__qwen-plus.json,13,quadratic_programming,partial_constraint_handling_failure,partial_reasoning_failure,False,stop,352,3473,2,1,1,False,Did not establish global optimality for all possible active sets; reasoning is incomplete.,False,,,,,,0,False,,,,,
Qwen Plus,level-3,eval_results_qwen_plus/level-3/quadratic_programming__quadratic_programming__qwen-plus.json,14,quadratic_programming,partial_constraint_handling_failure,partial_reasoning_failure,False,stop,351,1863,2,1,1,False,Stopped at single feasible point without proving global optimality; used point sampling instead of an optimality proof.,False,,,,,,0,False,,,,,
Qwen Plus,level-3,eval_results_qwen_plus/level-3/quadratic_programming__quadratic_programming__qwen-plus.json,15,quadratic_programming,arithmetic_failure,no_correct_value_found,False,stop,355,3336,2,2,2,False,"Numerical errors in computing the objective at active-set solutions, not in reasoning or constraint logic.",True,"Evaluation of the objective value at x = [2.7, 4.25, 4.2]",166.81,102.91,large (> 20%),True,0,False,,,,,
Qwen Plus,level-3,eval_results_qwen_plus/level-3/quadratic_programming__quadratic_programming__qwen-plus.json,16,quadratic_programming,partial_reasoning_failure,,False,stop,348,1949,2,1,2,False,Sampled feasible points and reported the first objective value computed; did not prove global optimality via KKT or optimal search along constraints.,False,,,,,,0,False,,,,,
Qwen Plus,level-3,eval_results_qwen_plus/level-3/quadratic_programming__quadratic_programming__qwen-plus.json,17,quadratic_programming,partial_reasoning_failure,,False,stop,348,1914,2,1,2,False,Approach—only one vertex evaluated; no global optimality proof.,False,,,,,,0,False,,,,,
Qwen Plus,level-3,eval_results_qwen_plus/level-3/quadratic_programming__quadratic_programming__qwen-plus.json,18,quadratic_programming,partial_reasoning_failure,arithmetic_failure,False,stop,353,2883,2,1,2,False,Incomplete global optimality justification; reasoned feasible point sampled but not definitively proven as the unique global minimizer.,True,"Objective function value at x = [0.875, 2.75, 1.5]",46.76,47.26,small (< 5%),False,0,False,,,,,
Qwen Plus,level-3,eval_results_qwen_plus/level-3/quadratic_programming__quadratic_programming__qwen-plus.json,19,quadratic_programming,partial_reasoning_failure,,False,stop,348,1200,2,1,2,False,Did not fully prove global optimality or check all possible active-constraint combinations.,False,,,,,,0,False,,,,,
Qwen Plus,level-3,eval_results_qwen_plus/level-3/quadratic_programming__quadratic_programming__qwen-plus.json,20,quadratic_programming,partial_reasoning_failure,arithmetic_failure,False,stop,352,2206,2,1,2,False,"Partial enumeration of active sets; model did not prove global optimality as it did not examine all possible active constraint combinations, so better optima could exist elsewhere.",True,"Mistake in q^T x computation: claimed q^T x = -22, correct is -11 for x = (5.5, -0.5, 4.5)",-22,-11,large (> 20%),False,0,False,,,,,
Qwen Plus,level-3,eval_results_qwen_plus/level-3/quadratic_programming__quadratic_programming__qwen-plus.json,21,quadratic_programming,arithmetic_failure,no_correct_value_found,False,stop,347,2392,2,2,2,False,Arithmetic error when evaluating the exact value of the objective at the computed minimizer; reasoning is otherwise sound.,True,"Plug claimed s=13/41, t=26/41 into f(s,t) and compute objective value.",2.878,10.44019138850691,large (> 20%),True,0,False,,,,,
Qwen Plus,level-3,eval_results_qwen_plus/level-3/semidefinite_programming__basic_semidefinite_programming__qwen-plus.json,0,semidefinite_programming,partial_constraint_handling_failure,partial_reasoning_failure|arithmetic_failure,False,stop,394,3339,2,1,1,False,Did not prove that rank-1 (extreme point) matrices or the sampled points give the true global optimum; only explored restricted candidate forms and did not establish global optimality.,True,"Model computes v^T C v ≈ -2.9326 (with b ≈ 0.86, c ≈ 0.51), and <C,X> = 15 * -2.9326 = -43.99.","-2.9326 (so <C,X> = -43.99)","-5.1269 (so <C,X> = -76.90)",large (> 20%),False,0,False,,,,,
Qwen Plus,level-3,eval_results_qwen_plus/level-3/semidefinite_programming__basic_semidefinite_programming__qwen-plus.json,1,semidefinite_programming,hallucination,partial_reasoning_failure|constraint_handling_failure,False,stop,397,3002,2,1,0,True,"Outputs an objective value for an explicitly infeasible (not PSD) matrix, after acknowledging the violation.",False,,,,,,0,False,,,,,
Qwen Plus,level-3,eval_results_qwen_plus/level-3/semidefinite_programming__basic_semidefinite_programming__qwen-plus.json,2,semidefinite_programming,partial_reasoning_failure,,False,stop,389,4564,2,1,2,False,Did not justify global optimality; only produced a feasible solution without proof that it is the minimum.,False,,,,,,0,False,,,,,
Qwen Plus,level-3,eval_results_qwen_plus/level-3/semidefinite_programming__basic_semidefinite_programming__qwen-plus.json,3,semidefinite_programming,hallucination,partial_reasoning_failure|constraint_handling_failure,False,stop,383,1370,2,1,0,True,Used an infeasible point (violating constraints) as the final answer after acknowledging violation.,False,,,,,,0,False,,,,,
Qwen Plus,level-3,eval_results_qwen_plus/level-3/semidefinite_programming__basic_semidefinite_programming__qwen-plus.json,4,semidefinite_programming,partial_constraint_handling_failure,partial_reasoning_failure,False,stop,392,3841,2,1,1,False,Did not prove global optimality or produce a fully feasible optimizer; relied on sampled/heuristic candidate X.,False,,,,,,0,False,,,,,
Qwen Plus,level-3,eval_results_qwen_plus/level-3/semidefinite_programming__basic_semidefinite_programming__qwen-plus.json,5,semidefinite_programming,partial_constraint_handling_failure,partial_reasoning_failure,False,stop,379,3847,2,1,1,False,"The approach relies on heuristic reasoning, line searches, and lower/upper-bound arguments without producing a feasible optimizer or completing the dual/KKT/global optimality proof.",False,,,,,,0,False,,,,,
Qwen Plus,level-3,eval_results_qwen_plus/level-3/semidefinite_programming__basic_semidefinite_programming__qwen-plus.json,6,semidefinite_programming,partial_constraint_handling_failure,partial_reasoning_failure,False,stop,388,3943,2,1,1,False,"Did not produce nor justify the existence of a feasible PSD matrix attaining the bound; argument is based on an unattainable lower bound, not a construction or proof of optimality.",False,,,,,,0,False,,,,,
Qwen Plus,level-3,eval_results_qwen_plus/level-3/semidefinite_programming__basic_semidefinite_programming__qwen-plus.json,7,semidefinite_programming,partial_constraint_handling_failure,partial_reasoning_failure,False,stop,395,3110,2,1,1,False,"The model restricts to diagonal matrices and solves the reduced problem, without justifying that the optimizer must be diagonal—violating the global optimality proof requirement.",False,,,,,,0,False,,,,,
Qwen Plus,level-3,eval_results_qwen_plus/level-3/semidefinite_programming__basic_semidefinite_programming__qwen-plus.json,8,semidefinite_programming,partial_reasoning_failure,,False,stop,392,4715,2,1,2,False,"Restricted to a partially justified form (mostly-diagonal plus one off-diagonal), without a full global optimality argument for the SDP.",False,,,,,,0,False,,,,,
Qwen Plus,level-3,eval_results_qwen_plus/level-3/semidefinite_programming__basic_semidefinite_programming__qwen-plus.json,9,semidefinite_programming,partial_reasoning_failure,,False,stop,392,3932,2,1,2,False,"The model did not establish global optimality, only constructed a feasible diagonal solution and computed its value.",False,,,,,,0,False,,,,,
Qwen Plus,level-3,eval_results_qwen_plus/level-3/semidefinite_programming__basic_semidefinite_programming__qwen-plus.json,10,semidefinite_programming,hallucination,partial_reasoning_failure|partial_constraint_handling_failure,False,stop,389,2762,2,1,1,True,"Committed to the value at an infeasible point after acknowledging constraint violation (<A2,X> ≠ b2 for the sampled X).",False,,,,,,0,False,,,,,
Qwen Plus,level-3,eval_results_qwen_plus/level-3/semidefinite_programming__basic_semidefinite_programming__qwen-plus.json,11,semidefinite_programming,partial_constraint_handling_failure,partial_reasoning_failure,False,stop,393,2044,2,1,1,False,Incomplete global optimality proof; solution is a heuristic estimate not derived from a feasible point or full optimization argument.,False,,,,,,0,False,,,,,
Qwen Plus,level-3,eval_results_qwen_plus/level-3/semidefinite_programming__basic_semidefinite_programming__qwen-plus.json,12,semidefinite_programming,partial_constraint_handling_failure,partial_reasoning_failure,False,stop,391,2576,2,1,1,False,"Failed to prove global optimality or feasibility for the proposed X; constraints not fully satisfied in final candidate, only checked for a diagonal X.",False,,,,,,0,False,,,,,
Qwen Plus,level-3,eval_results_qwen_plus/level-3/semidefinite_programming__basic_semidefinite_programming__qwen-plus.json,13,semidefinite_programming,partial_constraint_handling_failure,partial_reasoning_failure|arithmetic_failure,False,stop,379,3392,2,1,1,False,"The failure is in the lack of justification or verification that the constructed X is PSD and thus actually feasible, as well as lack of proof of global optimality—the approach only tests a candidate.",True,"Calculation of <C, A1> and <C, A2>","<C, A1> = -27, <C, A2> = -29","<C, A1> = -16.0, <C, A2> = -16.0",large (> 20%),True,0,False,,,,,
Qwen Plus,level-3,eval_results_qwen_plus/level-3/semidefinite_programming__basic_semidefinite_programming__qwen-plus.json,14,semidefinite_programming,hallucination,partial_reasoning_failure|partial_constraint_handling_failure|arithmetic_failure,False,stop,375,6264,2,1,1,True,"Outputs a minimum value for <C,X> at a point without proving or verifying feasibility or optimality.",True,"Calculation of <C, A_1> in the parameterization X = αA1 + βA2 + γI",25,35.5,large (> 20%),True,0,False,,,,,
Qwen Plus,level-3,eval_results_qwen_plus/level-3/semidefinite_programming__basic_semidefinite_programming__qwen-plus.json,15,semidefinite_programming,hallucination,partial_reasoning_failure|constraint_handling_failure,False,stop,393,3473,2,1,0,True,Committed to objective at infeasible (non-PSD) point after recognizing constraint violation.,False,,,,,,0,False,,,,,
Qwen Plus,level-3,eval_results_qwen_plus/level-3/semidefinite_programming__basic_semidefinite_programming__qwen-plus.json,16,semidefinite_programming,partial_reasoning_failure,,False,stop,388,1039,2,1,2,False,"The failure is the unjustified restriction to diagonal X, which misses potentially better (lower objective) solutions with off-diagonal or lower-rank matrices.",False,,,,,,0,False,,,,,
Qwen Plus,level-3,eval_results_qwen_plus/level-3/semidefinite_programming__basic_semidefinite_programming__qwen-plus.json,17,semidefinite_programming,hallucination,partial_reasoning_failure|partial_constraint_handling_failure,False,stop,380,2091,2,1,1,True,"The model outputs the objective value at an infeasible (non-PSD) candidate after recognizing the violation, committing hallucination.",False,,,,,,0,False,,,,,
Qwen Plus,level-3,eval_results_qwen_plus/level-3/semidefinite_programming__basic_semidefinite_programming__qwen-plus.json,18,semidefinite_programming,hallucination,partial_reasoning_failure|partial_constraint_handling_failure,False,stop,376,1764,2,1,1,True,Knowingly using an infeasible point's objective value as the final answer after acknowledging constraint violations.,False,,,,,,0,False,,,,,
Qwen Plus,level-3,eval_results_qwen_plus/level-3/semidefinite_programming__basic_semidefinite_programming__qwen-plus.json,19,semidefinite_programming,hallucination,partial_reasoning_failure|partial_constraint_handling_failure,False,stop,390,2296,2,1,1,True,Committed to the infeasible candidate's value after recognizing its constraint violation.,False,,,,,,0,False,,,,,
Qwen Plus,level-3,eval_results_qwen_plus/level-3/semidefinite_programming__basic_semidefinite_programming__qwen-plus.json,20,semidefinite_programming,partial_constraint_handling_failure,partial_reasoning_failure|arithmetic_failure,False,stop,384,3023,2,1,1,False,"The model stopped after finding a feasible point with low objective value, but did not prove global optimality or fully verify positive semidefiniteness.",True,"Solving for the coefficients p, q, r in the linear system for X","p ≈ -0.457, q ≈ -1.4, r ≈ 8.68","p ≈ -0.3415, q ≈ -1.3454, r ≈ 8.4995",medium (5-20%),True,0,False,,,,,
Qwen Plus,level-3,eval_results_qwen_plus/level-3/semidefinite_programming__basic_semidefinite_programming__qwen-plus.json,21,semidefinite_programming,partial_constraint_handling_failure,partial_reasoning_failure|arithmetic_failure,False,stop,397,826,2,1,1,False,Unjustified restriction to the diagonal subspace; global optimality is not established for the original problem.,True,"Solving the linear system for x1, x2, x3 (diagonal entries of X)","x1=20/7, x2=61/7, x3=24/7","x1=10, x2=6, x3=-1",large (> 20%),True,0,False,,,,,
Qwen Plus,level-3,eval_results_qwen_plus/level-3/semidefinite_programming__basic_semidefinite_programming__qwen-plus.json,22,semidefinite_programming,hallucination,partial_reasoning_failure|partial_constraint_handling_failure|arithmetic_failure,False,stop,389,2882,2,1,1,True,Final answer knowingly obtained from infeasible (constraint-violating) candidate.,True,determinant of C and characteristic polynomial construction,det(C) = 20.25,det(C) = 23.5,medium (5-20%),True,0,False,,,,,
Qwen Plus,level-3,eval_results_qwen_plus/level-3/semidefinite_programming__basic_semidefinite_programming__qwen-plus.json,23,semidefinite_programming,partial_constraint_handling_failure,partial_reasoning_failure,False,stop,388,2360,2,1,1,False,Relied on minimum eigenvalue lower bound rather than solving the equality-constrained SDP or demonstrating feasibility for that bound.,False,,,,,,0,False,,,,,
Qwen Plus,level-3,eval_results_qwen_plus/level-3/semidefinite_programming__basic_semidefinite_programming__qwen-plus.json,24,semidefinite_programming,partial_constraint_handling_failure,partial_reasoning_failure|arithmetic_failure,False,stop,383,2147,2,1,1,False,"Approach is incomplete; does not solve for feasibility with all constraints or prove optimality, only provides a lower-bound estimate.",True,Estimation of lambda_min(C) as -3.2 (leading to objective -28.8),"-3.2 (lambda_min(C)), -28.8 (objective)","-0.6074 (lambda_min(C)), -5.47 (objective)",large (> 20%),True,0,False,,,,,
Qwen Plus,level-4,eval_results_qwen_plus/level-4/geometric__basic_geometric_programming__qwen-plus.json,0,geometric,partial_constraint_handling_failure,partial_reasoning_failure,False,stop,321,1735,2,1,1,False,No global optimality proof; only point sampling and incremental search.,False,,,,,,0,False,,,,,
Qwen Plus,level-4,eval_results_qwen_plus/level-4/geometric__basic_geometric_programming__qwen-plus.json,1,geometric,hallucination,partial_reasoning_failure|constraint_handling_failure,False,stop,323,2438,2,1,0,True,Committing to an objective value at a point already identified as infeasible.,False,,,,,,0,False,,,,,
Qwen Plus,level-4,eval_results_qwen_plus/level-4/geometric__basic_geometric_programming__qwen-plus.json,2,geometric,partial_constraint_handling_failure,partial_reasoning_failure,False,stop,301,4763,2,1,1,False,"No proof of global optimality; only point-sampling used, with no argument that the first sampled value represents the minimum.",False,,,,,,0,False,,,,,
Qwen Plus,level-4,eval_results_qwen_plus/level-4/geometric__basic_geometric_programming__qwen-plus.json,3,geometric,partial_reasoning_failure,arithmetic_failure,False,stop,297,3443,2,1,2,False,"Approach: The model only heuristically searched plausible candidates, checking feasibility, but did not mathematically prove global optimality or fully justify restricting attention to the points tested.",True,"Objective value evaluated at x1=2.07, x2=1.55, x3=1.3729",18.428,18.3326,small (< 5%),False,0,False,,,,,
Qwen Plus,level-4,eval_results_qwen_plus/level-4/geometric__basic_geometric_programming__qwen-plus.json,4,geometric,partial_reasoning_failure,,False,stop,305,2614,2,1,2,False,approach lacks a proof of global optimality; sampled feasible points only,False,,,,,,0,False,,,,,
Qwen Plus,level-4,eval_results_qwen_plus/level-4/geometric__basic_geometric_programming__qwen-plus.json,5,geometric,partial_constraint_handling_failure,partial_reasoning_failure,False,stop,321,3198,2,1,1,False,"incomplete global optimality justification; only subspace sampling and point evaluations, not a proof",False,,,,,,0,False,,,,,
Qwen Plus,level-4,eval_results_qwen_plus/level-4/geometric__basic_geometric_programming__qwen-plus.json,6,geometric,partial_reasoning_failure,,False,stop,316,476,2,1,2,False,Did not justify global optimality; used point sampling instead of a valid global optimization argument.,False,,,,,,0,False,,,,,
Qwen Plus,level-4,eval_results_qwen_plus/level-4/geometric__basic_geometric_programming__qwen-plus.json,7,geometric,partial_constraint_handling_failure,partial_reasoning_failure,False,stop,304,3347,2,1,1,False,"Global optimality not established: solution searches along a restricted subspace (x1=0.5, x2 tight with constraint 3) but does not prove this yields the global minimum.",False,,,,,,0,False,,,,,
Qwen Plus,level-4,eval_results_qwen_plus/level-4/geometric__basic_geometric_programming__qwen-plus.json,8,geometric,partial_reasoning_failure,,False,stop,313,1699,2,1,2,False,"No global optimality argument; only point sampling, so approach_score=1.",False,,,,,,0,False,,,,,
Qwen Plus,level-4,eval_results_qwen_plus/level-4/geometric__basic_geometric_programming__qwen-plus.json,9,geometric,partial_reasoning_failure,,False,stop,312,3069,2,1,2,False,Did not establish global optimality; only sampled feasible points and did not prove no better value is possible.,False,,,,,,0,False,,,,,
Qwen Plus,level-4,eval_results_qwen_plus/level-4/geometric__basic_geometric_programming__qwen-plus.json,10,geometric,partial_constraint_handling_failure,partial_reasoning_failure,False,stop,307,1481,2,1,1,False,No global optimality proof—manual sampling only,False,,,,,,0,False,,,,,
Qwen Plus,level-4,eval_results_qwen_plus/level-4/geometric__basic_geometric_programming__qwen-plus.json,11,geometric,partial_constraint_handling_failure,partial_reasoning_failure,False,stop,304,708,2,1,1,False,"incomplete global optimality proof (only evaluated one feasible point, did not explore or justify global minimum)",False,,,,,,0,False,,,,,
Qwen Plus,level-4,eval_results_qwen_plus/level-4/geometric__basic_geometric_programming__qwen-plus.json,12,geometric,partial_constraint_handling_failure,partial_reasoning_failure,False,stop,323,2538,2,1,1,False,"Relied on point sampling, not a proof of global optimality.",False,,,,,,0,False,,,,,
Qwen Plus,level-4,eval_results_qwen_plus/level-4/geometric__basic_geometric_programming__qwen-plus.json,13,geometric,partial_constraint_handling_failure,partial_reasoning_failure,False,stop,303,2292,2,1,1,False,Did not justify global optimality—only sampled boundary points and selected the lowest feasible value without proof.,False,,,,,,0,False,,,,,
Qwen Plus,level-4,eval_results_qwen_plus/level-4/geometric__basic_geometric_programming__qwen-plus.json,14,geometric,partial_reasoning_failure,,False,stop,308,1487,2,1,2,False,"The failure is in not proving global optimality: the model only found one feasible point, calculated the value, and did not attempt to show no better feasible value exists; it did not use KKT or boundary/active set logic.",False,,,,,,0,False,,,,,
Qwen Plus,level-4,eval_results_qwen_plus/level-4/geometric__basic_geometric_programming__qwen-plus.json,15,geometric,partial_reasoning_failure,arithmetic_failure,False,stop,322,4540,2,1,2,False,"Did not prove global optimality: only sampled feasible points and selected the lowest, without proving the true minimum is not lower elsewhere.",True,"Model computes the objective at x1=1.5, x2=1.3, x3=1.98 and claims sum is 53.94.",53.94,56.33,medium (5-20%),True,0,False,,,,,
Qwen Plus,level-4,eval_results_qwen_plus/level-4/geometric__basic_geometric_programming__qwen-plus.json,16,geometric,partial_reasoning_failure,,False,stop,308,4451,2,1,2,False,Global optimality was not fully established; only candidate points (with feasibility checked) were considered rather than a proof of optimality via KKT or similar argument.,False,,,,,,0,False,,,,,
Qwen Plus,level-4,eval_results_qwen_plus/level-4/geometric__basic_geometric_programming__qwen-plus.json,17,geometric,partial_constraint_handling_failure,partial_reasoning_failure,False,stop,311,950,2,1,1,False,Unjustified restriction to x2=1 and no global optimality argument; only local candidate tested.,False,,,,,,0,False,,,,,
Qwen Plus,level-4,eval_results_qwen_plus/level-4/geometric__basic_geometric_programming__qwen-plus.json,18,geometric,partial_reasoning_failure,,False,stop,316,3833,2,1,2,False,point sampling without global optimality proof,False,,,,,,0,False,,,,,
Qwen Plus,level-4,eval_results_qwen_plus/level-4/geometric__basic_geometric_programming__qwen-plus.json,19,geometric,partial_constraint_handling_failure,partial_reasoning_failure,False,stop,305,1034,2,1,1,False,"Incomplete global optimality argument; solution relies on point sampling and partial minimization, not a complete proof.",False,,,,,,0,False,,,,,
Qwen Plus,level-4,eval_results_qwen_plus/level-4/geometric__basic_geometric_programming__qwen-plus.json,20,geometric,partial_reasoning_failure,,False,stop,310,2926,2,1,2,False,"Restricted subspace (x1 = x2) was used without proof that this contains the global optimizer, so global optimality was not proven.",False,,,,,,0,False,,,,,
Qwen Plus,level-4,eval_results_qwen_plus/level-4/geometric__basic_geometric_programming__qwen-plus.json,21,geometric,partial_reasoning_failure,,False,stop,311,6327,2,1,2,False,No proof of global optimality—solution rests on sampled feasible points without justification that none better exist.,False,,,,,,0,False,,,,,
Qwen Plus,level-4,eval_results_qwen_plus/level-4/linear_programming__non_trivial_linear_programming__qwen-plus.json,0,linear_programming,no_correct_value_found,,False,stop,297,2305,2,2,2,False,Arithmetic or completeness: missed exploring all candidate vertices; reasoning and constraint handling fully justified for the analyzed point.,False,,,,,,0,False,,,,,
Qwen Plus,level-4,eval_results_qwen_plus/level-4/linear_programming__non_trivial_linear_programming__qwen-plus.json,1,linear_programming,partial_reasoning_failure,,False,stop,297,1373,2,1,2,False,"failure to prove global optimality—only one vertex is checked, and insufficient justification is provided that this yields the minimum.",False,,,,,,0,False,,,,,
Qwen Plus,level-4,eval_results_qwen_plus/level-4/quadratic_constrained_quadratic_programming__basic_qcqp__qwen-plus.json,0,qcqp,partial_constraint_handling_failure,partial_reasoning_failure,False,stop,446,4561,2,1,1,False,"incomplete optimality proof—final answer is from point-sampling, not from a guaranteed global minimum",False,,,,,,0,False,,,,,
Qwen Plus,level-4,eval_results_qwen_plus/level-4/quadratic_constrained_quadratic_programming__basic_qcqp__qwen-plus.json,1,qcqp,partial_constraint_handling_failure,arithmetic_failure,False,stop,446,1528,2,2,1,False,Incomplete constraint verification: constraints 2 and 3 are not explicitly checked; feasibility is assumed based on 'small x'.,True,Q_0^{-1} * c_0 calculation and subsequent x_uncon,"x* ≈ [-0.156, -0.502, 0.304]","x* ≈ [0.1410251, -0.4700855, 0.2312057]",large (> 20%),True,0,False,,,,,
Qwen Plus,level-4,eval_results_qwen_plus/level-4/quadratic_constrained_quadratic_programming__basic_qcqp__qwen-plus.json,2,qcqp,partial_constraint_handling_failure,partial_reasoning_failure,False,stop,447,6092,2,1,1,False,global optimality not established; only sampled a subspace without justification,False,,,,,,0,False,,,,,
Qwen Plus,level-4,eval_results_qwen_plus/level-4/quadratic_constrained_quadratic_programming__basic_qcqp__qwen-plus.json,3,qcqp,arithmetic_failure,no_correct_value_found,False,stop,446,1536,2,2,2,False,"Possible minor algebraic approximation, but reasoning, formulation, and constraint logic are correct.",True,Matrix-vector product to find x* = -Q_0^{-1} c_0.,"x* ≈ [-0.019, 0.237, 0.082]","x* ≈ [-0.252, 0.346, 0.203]",large (> 20%),True,0,False,,,,,
Qwen Plus,level-4,eval_results_qwen_plus/level-4/quadratic_constrained_quadratic_programming__basic_qcqp__qwen-plus.json,4,qcqp,partial_constraint_handling_failure,partial_reasoning_failure,False,stop,445,4072,2,1,1,False,Incomplete optimality proof—the model only tested discrete feasible points but did not prove the sampled point is globally optimal.,False,,,,,,0,False,,,,,
Qwen Plus,level-4,eval_results_qwen_plus/level-4/quadratic_constrained_quadratic_programming__basic_qcqp__qwen-plus.json,5,qcqp,partial_reasoning_failure,,False,stop,445,4132,2,1,2,False,"Did not justify global optimality—merely found a feasible point with lower objective, without proof that it is the global optimum.",False,,,,,,0,False,,,,,
Qwen Plus,level-4,eval_results_qwen_plus/level-4/quadratic_constrained_quadratic_programming__basic_qcqp__qwen-plus.json,6,qcqp,hallucination,partial_reasoning_failure|partial_constraint_handling_failure,False,stop,445,4289,2,1,1,True,Used an infeasible point as final answer despite acknowledging violation.,False,,,,,,0,False,,,,,
Qwen Plus,level-4,eval_results_qwen_plus/level-4/quadratic_constrained_quadratic_programming__basic_qcqp__qwen-plus.json,7,qcqp,partial_constraint_handling_failure,partial_reasoning_failure|arithmetic_failure,False,stop,446,1673,2,1,1,False,The solution only checks constraints at a single candidate and does not fully justify global optimality or active-set possibilities; only partial constraint verification is attempted.,True,Calculation of x* = -Q_0^{-1} c_0,"x* ≈ [-0.02, -0.324, 0.108]","x* ≈ [0.615, -0.744, -0.308]",large (> 20%),True,0,False,,,,,
Qwen Plus,level-4,eval_results_qwen_plus/level-4/quadratic_constrained_quadratic_programming__basic_qcqp__qwen-plus.json,8,qcqp,hallucination,partial_reasoning_failure|partial_constraint_handling_failure|arithmetic_failure,False,stop,442,2120,2,1,1,True,"Model uses the value at the unconstrained minimizer despite recognizing it violates constraint 2, thus failing at constraint handling and optimality justification.",True,Calculation of unconstrained minimizer x* = -Q_0^{-1} c_0.,"x* ≈ [-0.33, 0.62, -0.18]","x* ≈ [-3.15, 3.92, -0.62]",large (> 20%),True,0,False,,,,,
Qwen Plus,level-4,eval_results_qwen_plus/level-4/quadratic_constrained_quadratic_programming__basic_qcqp__qwen-plus.json,9,qcqp,partial_constraint_handling_failure,partial_reasoning_failure|arithmetic_failure,False,stop,447,1228,2,1,1,False,The solution's main failure is that it does not rigorously check whether all quadratic constraints are satisfied—only rough estimation—so it does not validly prove feasibility or optimality of the unconstrained minimizer.,True,Computation of x* = -Q_0^{-1} c_0,"x* ≈ [-0.3659, -0.0656, 0.1607]","x* ≈ [-0.39024, -0.07317, 0.12195]",medium (5-20%),True,0,False,,,,,
Qwen Plus,level-4,eval_results_qwen_plus/level-4/quadratic_constrained_quadratic_programming__basic_qcqp__qwen-plus.json,10,qcqp,no_correct_value_found,,False,stop,445,1630,2,2,2,False,"None; global optimality established by unconstrained feasible minimizer for convex problem, no unsupported number or constraint violation committed.",False,,,,,,0,False,,,,,
Qwen Plus,level-4,eval_results_qwen_plus/level-4/quadratic_constrained_quadratic_programming__basic_qcqp__qwen-plus.json,11,qcqp,partial_constraint_handling_failure,partial_reasoning_failure|arithmetic_failure,False,stop,447,2007,2,1,1,False,"After abandoning the unconstrained minimizer (which was infeasible), the model searched only along the negative gradient direction, without justification that the global minimum lies on this line, and did not check all constraints at the new candidate point.",True,"Model computes Q_0 d for d = [2,-2,-4] incorrectly","Q_0 d = [0, -6, -4], d^T (Q_0 d) = 28","Q_0 d = [2, 46, 24], d^T (Q_0 d) = -184",large (> 20%),True,0,False,,,,,
Qwen Plus,level-4,eval_results_qwen_plus/level-4/quadratic_constrained_quadratic_programming__basic_qcqp__qwen-plus.json,12,qcqp,partial_constraint_handling_failure,partial_reasoning_failure,False,stop,445,3170,2,1,1,False,Did not establish global optimality—merely sampled a feasible point without proving it's optimal.,False,,,,,,0,False,,,,,
Qwen Plus,level-4,eval_results_qwen_plus/level-4/quadratic_constrained_quadratic_programming__basic_qcqp__qwen-plus.json,13,qcqp,partial_constraint_handling_failure,partial_reasoning_failure,False,stop,446,3276,2,1,1,False,"Did not prove global optimality; restricted search to subspace without justification, rather than fully analyzing active constraints or applying KKT.",False,,,,,,0,False,,,,,
Qwen Plus,level-4,eval_results_qwen_plus/level-4/quadratic_constrained_quadratic_programming__basic_qcqp__qwen-plus.json,14,qcqp,partial_constraint_handling_failure,partial_reasoning_failure|arithmetic_failure,False,stop,445,2234,2,1,1,False,"Did not prove global optimality; constraint handling only checked feasibility approximately along one restricted direction, without fully verifying all constraints at proposed t.",True,"Model calculates unconstrained minimizer x* = [1.125, -0.5, 0.25] for Q_0 x = -c_0","[1.125, -0.5, 0.25]","[1.3675, -0.6074, 0.3786]",medium (5-20%),True,0,False,,,,,
Qwen Plus,level-4,eval_results_qwen_plus/level-4/quadratic_programming__quadratic_programming__qwen-plus.json,0,quadratic_programming,partial_reasoning_failure,,False,stop,365,1136,2,1,2,False,Did not prove global optimality; stopped at a feasible sample point without full justification.,False,,,,,,0,False,,,,,
Qwen Plus,level-4,eval_results_qwen_plus/level-4/quadratic_programming__quadratic_programming__qwen-plus.json,1,quadratic_programming,partial_reasoning_failure,,False,stop,372,2746,2,1,2,False,"Did not justify global optimality; stopped at a feasible, suboptimal point without a complete boundary or KKT argument.",False,,,,,,0,False,,,,,
Qwen Plus,level-4,eval_results_qwen_plus/level-4/quadratic_programming__quadratic_programming__qwen-plus.json,2,quadratic_programming,partial_reasoning_failure,,False,stop,365,1344,2,1,2,False,No proof of global optimality; only a feasible point of low objective value is found.,False,,,,,,0,False,,,,,
Qwen Plus,level-4,eval_results_qwen_plus/level-4/quadratic_programming__quadratic_programming__qwen-plus.json,3,quadratic_programming,no_correct_value_found,,False,stop,372,3871,2,2,2,False,"The model does not systematically check all possible active-set combinations for constraints, but the method and justification for the presented candidate are mathematically sound for this class of problem.",False,,,,,,0,False,,,,,
Qwen Plus,level-4,eval_results_qwen_plus/level-4/quadratic_programming__quadratic_programming__qwen-plus.json,4,quadratic_programming,partial_reasoning_failure,,False,stop,371,2883,2,1,2,False,"incomplete proof of global optimality; only a feasible point was found and checked, with no global argument.",False,,,,,,0,False,,,,,
Qwen Plus,level-4,eval_results_qwen_plus/level-4/quadratic_programming__quadratic_programming__qwen-plus.json,5,quadratic_programming,partial_reasoning_failure,,False,stop,366,2425,2,1,2,False,"Did not perform full minimization along the equality constraint (i.e., did not solve the reduced 2D constrained problem or use KKT to guarantee global optimality), settling on the best value from a few corners instead.",False,,,,,,0,False,,,,,
Qwen Plus,level-4,eval_results_qwen_plus/level-4/quadratic_programming__quadratic_programming__qwen-plus.json,6,quadratic_programming,partial_constraint_handling_failure,partial_reasoning_failure|arithmetic_failure,False,stop,362,5884,2,1,1,False,Did not prove global optimality; stopped after point sampling and heuristic evaluation.,True,"Calculation of x_uc = -P^{-1}q and projection to satisfaction of A x = b (i.e., x*).","x* ≈ [0.0187, -0.0501, 0.3353] (objective ≈ 3.7)","x* ≈ [3.383, -1.973, 2.518] (objective ≈ 104.66)",large (> 20%),True,0,False,,,,,
Qwen Plus,level-4,eval_results_qwen_plus/level-4/quadratic_programming__quadratic_programming__qwen-plus.json,7,quadratic_programming,hallucination,partial_reasoning_failure|partial_constraint_handling_failure|arithmetic_failure,False,stop,367,3222,2,1,1,True,"After finding the equality-constrained minimizer violated an inequality, the model reported the (infeasible) point’s objective as the answer, rather than fully solving for the constrained minimum.",True,"Computation of x^T P x for x = [-1.256, 0.792, 3.279]",260.875,290.912,large (> 20%),True,0,False,,,,,
Qwen Plus,level-4,eval_results_qwen_plus/level-4/quadratic_programming__quadratic_programming__qwen-plus.json,8,quadratic_programming,partial_reasoning_failure,,False,stop,367,7347,2,1,2,False,"Point-sampling approach without proof of global optimality; only candidates along a parameterized line were tested and minimum reported among those, lacking full optimality justification.",False,,,,,,0,False,,,,,
Qwen Plus,level-4,eval_results_qwen_plus/level-4/quadratic_programming__quadratic_programming__qwen-plus.json,9,quadratic_programming,partial_reasoning_failure,arithmetic_failure,False,stop,372,758,2,1,2,False,"Stopped after testing a feasible point and did not prove global optimality; only heuristic sampling, not full optimization logic.",True,"Model claims x^T P x = 492 for x = [2, 4, 2].",492,460,medium (5-20%),True,0,False,,,,,
Qwen Plus,level-4,eval_results_qwen_plus/level-4/quadratic_programming__quadratic_programming__qwen-plus.json,10,quadratic_programming,partial_reasoning_failure,,False,stop,365,2221,2,1,2,False,Did not prove global optimality—only computed objective at a feasible point without justifying optimality.,False,,,,,,0,False,,,,,
Qwen Plus,level-4,eval_results_qwen_plus/level-4/quadratic_programming__quadratic_programming__qwen-plus.json,11,quadratic_programming,partial_constraint_handling_failure,partial_reasoning_failure|arithmetic_failure,False,stop,366,4676,2,1,1,False,Approach fails to exhaust all active set cases and does not fully prove global optimality.,True,"Computation of x^T P x for x = [11/7, 16/7, 26/7]",319.45 (claimed); (1/2) = 159.72,143.83; (1/2) = 71.92,large (> 20%),False,0,False,,,,,
Qwen Plus,level-4,eval_results_qwen_plus/level-4/quadratic_programming__quadratic_programming__qwen-plus.json,12,quadratic_programming,partial_constraint_handling_failure,partial_reasoning_failure,False,stop,365,1948,2,1,1,False,The model did not prove global optimality; it relied on feasible point search without excluding better solutions elsewhere.,False,,,,,,0,False,,,,,
Qwen Plus,level-4,eval_results_qwen_plus/level-4/quadratic_programming__quadratic_programming__qwen-plus.json,13,quadratic_programming,partial_reasoning_failure,arithmetic_failure,False,stop,370,1956,2,1,2,False,Stopped after the first feasible candidate active set and did not justify global optimality.,True,"Calculate P x for x ≈ [3.532, 0.56, 1.578]","[76.77, -40.42, -40.15]","[80.368, -41.972, -38.924]",medium (5-20%),True,0,False,,,,,
Qwen Plus,level-4,eval_results_qwen_plus/level-4/quadratic_programming__quadratic_programming__qwen-plus.json,14,quadratic_programming,partial_constraint_handling_failure,partial_reasoning_failure,False,stop,368,3018,2,1,1,False,Did not prove global optimality; reasoning restricted to a subspace without justification.,False,,,,,,0,False,,,,,
Qwen Plus,level-4,eval_results_qwen_plus/level-4/quadratic_programming__quadratic_programming__qwen-plus.json,15,quadratic_programming,partial_constraint_handling_failure,partial_reasoning_failure|arithmetic_failure,False,stop,365,2869,2,1,1,False,Did not justify that the tested intersection is globally optimal; only checked a single candidate active set.,True,"Model's calculation of x^T P x (dot product step for x ≈ [2.0417, 4.6667, 3.9167])","x^T P x ≈ 52.44, final objective ≈ 44.89","x^T P x ≈ 23.6478, final objective ≈ 30.4908",large (> 20%),False,0,False,,,,,
Qwen Plus,level-4,eval_results_qwen_plus/level-4/quadratic_programming__quadratic_programming__qwen-plus.json,16,quadratic_programming,partial_reasoning_failure,arithmetic_failure,False,stop,372,9014,2,1,2,False,incomplete optimality justification; restricted to x2=0/G4-active cases without global argument,True,"Computation of the objective at x = [0.4, 0, 1.2] as the optimal value.",24.0,6.945308930228186,large (> 20%),,0,False,,,,,
Qwen Plus,level-4,eval_results_qwen_plus/level-4/quadratic_programming__quadratic_programming__qwen-plus.json,17,quadratic_programming,partial_constraint_handling_failure,partial_reasoning_failure,False,stop,375,2084,2,1,1,False,The model uses point testing rather than an argument for global optimality; it finds a feasible point with a low objective value but does not prove it is minimum.,False,,,,,,0,False,,,,,
Qwen Plus,level-4,eval_results_qwen_plus/level-4/quadratic_programming__quadratic_programming__qwen-plus.json,18,quadratic_programming,partial_constraint_handling_failure,partial_reasoning_failure,False,stop,369,2443,2,1,1,False,No proof of global optimality—best-found feasible point chosen without justified optimality.,False,,,,,,0,False,,,,,
Qwen Plus,level-4,eval_results_qwen_plus/level-4/quadratic_programming__quadratic_programming__qwen-plus.json,19,quadratic_programming,partial_reasoning_failure,,False,stop,362,5854,2,1,2,False,Did not prove the chosen active set is globally optimal; other active sets may yield lower values. The solution stops at one set rather than exploring/proving optimality.,False,,,,,,0,False,,,,,
Qwen Plus,level-4,eval_results_qwen_plus/level-4/semidefinite_programming__basic_semidefinite_programming__qwen-plus.json,0,semidefinite_programming,hallucination,partial_reasoning_failure|partial_constraint_handling_failure,False,stop,436,1900,2,1,1,True,"Constraint handling: the answer uses a known-infeasible point as the optimum, which the model explicitly recognized earlier in the response.",False,,,,,,0,False,,,,,
Qwen Plus,level-4,eval_results_qwen_plus/level-4/semidefinite_programming__basic_semidefinite_programming__qwen-plus.json,1,semidefinite_programming,partial_constraint_handling_failure,partial_reasoning_failure,False,stop,429,2435,2,1,1,False,"Guessed an answer after incomplete reasoning about optimality and feasibility, without actually determining or verifying a feasible optimum.",False,,,,,,0,False,,,,,
Qwen Plus,level-4,eval_results_qwen_plus/level-4/semidefinite_programming__basic_semidefinite_programming__qwen-plus.json,2,semidefinite_programming,partial_constraint_handling_failure,partial_reasoning_failure,False,stop,452,2531,2,1,1,False,"The model fails to justify global optimality and only checks constraints at sampled points, never fully satisfying all constraints or proving the minimal value.",False,,,,,,0,False,,,,,
Qwen Plus,level-4,eval_results_qwen_plus/level-4/semidefinite_programming__basic_semidefinite_programming__qwen-plus.json,3,semidefinite_programming,partial_constraint_handling_failure,partial_reasoning_failure,False,stop,446,1195,2,1,1,False,"Did not prove or even obtain a fully feasible point for all equality constraints, nor was global optimality for the given constraints established.",False,,,,,,0,False,,,,,
Qwen Plus,level-4,eval_results_qwen_plus/level-4/semidefinite_programming__basic_semidefinite_programming__qwen-plus.json,4,semidefinite_programming,partial_constraint_handling_failure,partial_reasoning_failure,False,stop,447,1015,2,1,1,False,"The approach samples a candidate minimizer but does not check, justify, or prove feasibility or global optimality.",False,,,,,,0,False,,,,,
Qwen Plus,level-4,eval_results_qwen_plus/level-4/semidefinite_programming__basic_semidefinite_programming__qwen-plus.json,5,semidefinite_programming,hallucination,partial_reasoning_failure|partial_constraint_handling_failure|arithmetic_failure,False,stop,431,4079,2,1,1,True,"Final answer is a round-number estimate that is not supported by valid feasibility, duality, or algebraic argument.",True,"Failure to produce and verify a feasible X before computing <C,X>",-105.0 (guessed; no feasible X found),Not computable from model's work; must evaluate at a feasible X,large (> 20%),True,0,False,,,,,
Qwen Plus,level-4,eval_results_qwen_plus/level-4/semidefinite_programming__basic_semidefinite_programming__qwen-plus.json,6,semidefinite_programming,hallucination,partial_reasoning_failure|partial_constraint_handling_failure,False,stop,439,3165,2,1,1,True,"The model settled for the value at an infeasible point after recognizing infeasibility, rather than addressing the boundary/active constraints.",False,,,,,,0,False,,,,,
Qwen Plus,level-4,eval_results_qwen_plus/level-4/semidefinite_programming__basic_semidefinite_programming__qwen-plus.json,7,semidefinite_programming,partial_constraint_handling_failure,partial_reasoning_failure,False,stop,442,3462,2,1,1,False,Did not produce or verify a feasible point or optimal dual—relied only on lower bound approximation without completing primal or dual construction or proving global minimality.,False,,,,,,0,False,,,,,
Qwen Plus,level-4,eval_results_qwen_plus/level-4/semidefinite_programming__basic_semidefinite_programming__qwen-plus.json,8,semidefinite_programming,hallucination,partial_reasoning_failure|partial_constraint_handling_failure,False,stop,425,3602,2,1,1,True,"Knowingly used an infeasible X for the final answer, despite recognizing it likely violated required constraints.",False,,,,,,0,False,,,,,
Qwen Plus,level-4,eval_results_qwen_plus/level-4/semidefinite_programming__basic_semidefinite_programming__qwen-plus.json,9,semidefinite_programming,partial_constraint_handling_failure,partial_reasoning_failure,False,stop,432,2580,2,1,1,False,"The approach is restricted to special forms (z=0 or rank-1 X) without proving the global optimum must lie there, and only partial feasibility is checked for the candidate solution.",False,,,,,,0,False,,,,,
Qwen Plus,level-4,eval_results_qwen_plus/level-4/semidefinite_programming__basic_semidefinite_programming__qwen-plus.json,10,semidefinite_programming,partial_constraint_handling_failure,partial_reasoning_failure|arithmetic_failure,False,stop,450,2048,2,1,1,False,"Did not establish feasibility or global optimality for a candidate X; final answer is a reasoned guess, not a justified optimum.",True,"Solving the linear system for X = diag(x, y, z), substituting x, y, z values","x ≈ 12.62, y ≈ 10.46, z ≈ -5.08 (rounded)","x ≈ 12.6154, y ≈ 10.4615, z ≈ -5.0769 (to 5 decimals)",small (< 5%),False,0,False,,,,,
Qwen Plus,level-4,eval_results_qwen_plus/level-4/semidefinite_programming__basic_semidefinite_programming__qwen-plus.json,11,semidefinite_programming,hallucination,partial_reasoning_failure|partial_constraint_handling_failure|arithmetic_failure,False,stop,437,1480,2,1,1,True,The model knowingly used an infeasible point as its final answer after checking constraints and finding a violation.,True,"Solving the diagonal system x+y+z=20, 3x+2y+z=35, -4x-y-4z=-74: solution x=6.5, y=2, z=11.5","x=6.5, y=2, z=11.5","x=8.464..., y=5.286..., z=6.25",large (> 20%),True,0,False,,,,,
Qwen Plus,level-4,eval_results_qwen_plus/level-4/semidefinite_programming__basic_semidefinite_programming__qwen-plus.json,12,semidefinite_programming,hallucination,partial_reasoning_failure|partial_constraint_handling_failure,False,stop,441,3094,2,1,1,True,Final answer derived from and committed to a point acknowledged to violate the PSD constraint.,False,,,,,,0,False,,,,,
Qwen Plus,level-4,eval_results_qwen_plus/level-4/semidefinite_programming__basic_semidefinite_programming__qwen-plus.json,13,semidefinite_programming,hallucination,partial_reasoning_failure|partial_constraint_handling_failure|arithmetic_failure,False,stop,431,2822,2,1,1,True,Reporting objective at a knowingly infeasible point; no feasible solution found or proven optimal.,True,"Model claims X = diag(8.5, 3, 6.5) is feasible, but <A2, X> = -56, not -5.",-56,-5,large (> 20%),True,0,False,,,,,
Qwen Plus,level-4,eval_results_qwen_plus/level-4/semidefinite_programming__basic_semidefinite_programming__qwen-plus.json,14,semidefinite_programming,partial_constraint_handling_failure,partial_reasoning_failure|arithmetic_failure,False,stop,426,2568,2,1,1,False,Did not construct a feasible X or justify that the spectral bound is achievable under the given constraints; the reported answer is not proven to be optimal or feasible.,True,"Computation of eigenvalues of C: model claims minimum eigenvalue λ_min(C) ≈ -1.701, correct is -1.","-1.701 (min eigenvalue), -40.82 (min objective spectral bound)","-1 (min eigenvalue), -24 (correct spectral bound)",large (> 20%),True,0,False,,,,,
Qwen Plus,level-4,eval_results_qwen_plus/level-4/semidefinite_programming__basic_semidefinite_programming__qwen-plus.json,15,semidefinite_programming,hallucination,reasoning_failure|constraint_handling_failure,False,stop,440,1602,2,0,0,True,The model outputs the objective at X=5I after explicitly stating that this X violates at least one constraint.,False,,,,,,0,False,,,,,
Qwen Plus,level-4,eval_results_qwen_plus/level-4/semidefinite_programming__basic_semidefinite_programming__qwen-plus.json,16,semidefinite_programming,hallucination,partial_reasoning_failure|partial_constraint_handling_failure,False,stop,450,1212,2,1,1,True,Committing to a final answer at a candidate point it has already checked and marked as infeasible under the constraints.,False,,,,,,0,False,,,,,
Qwen Plus,level-4,eval_results_qwen_plus/level-4/semidefinite_programming__basic_semidefinite_programming__qwen-plus.json,17,semidefinite_programming,partial_reasoning_failure,arithmetic_failure,False,stop,442,1815,2,1,2,False,"The method restricts the solution to diagonal X without justifying that all optimizers must be diagonal or that global optimality is achieved in this subspace, violating the restricted-subspace rule.",True,"Verifying constraint <A_1, X>: computed value (-2*266/29 + 3*95/29 + 190/29) = -57/29 ≈ -1.965 vs required -1.0",-1.965,-1.0,large (> 20%),True,0,False,,,,,
Qwen Plus,level-4,eval_results_qwen_plus/level-4/semidefinite_programming__basic_semidefinite_programming__qwen-plus.json,18,semidefinite_programming,hallucination,partial_reasoning_failure|partial_constraint_handling_failure,False,stop,443,1446,2,1,1,True,Committed to objective value at an acknowledged-infeasible (non-PSD) candidate.,False,,,,,,0,False,,,,,
Qwen Plus,level-4,eval_results_qwen_plus/level-4/semidefinite_programming__basic_semidefinite_programming__qwen-plus.json,19,semidefinite_programming,hallucination,partial_reasoning_failure|partial_constraint_handling_failure,False,stop,438,1066,2,1,1,True,The model used the objective value from a point known to violate the PSD constraint as its final answer.,False,,,,,,0,False,,,,,
Qwen Plus,level-4,eval_results_qwen_plus/level-4/semidefinite_programming__basic_semidefinite_programming__qwen-plus.json,20,semidefinite_programming,partial_constraint_handling_failure,partial_reasoning_failure|arithmetic_failure,False,stop,437,1070,2,1,1,False,"The approach does not establish global optimality and does not check or enforce the <A_i, X>=b_i equality constraints, only using a heuristic lower bound from the spectrum of C.",True,Estimation and multiplication of minimal eigenvalue of C (λ_min * 13),-22.685 (using λ_min ≈ -1.745),-33.746 (using λ_min ≈ -2.596),large (> 20%),True,0,False,,,,,
Qwen Plus,level-4,eval_results_qwen_plus/level-4/semidefinite_programming__basic_semidefinite_programming__qwen-plus.json,21,semidefinite_programming,hallucination,partial_reasoning_failure|partial_constraint_handling_failure|arithmetic_failure,False,stop,431,2201,2,1,1,True,"Switches from partial equality satisfaction to reporting a value from the unconstrained trace-minimization, failing to solve the constrained problem and knowingly using an infeasible value as optimal.",True,"Estimate of minimum value using lambda_min(C) ≈ -4, so <C,X> ≈ 19 * (-4) = -76.",-76.0,-21.9976,large (> 20%),False,0,False,,,,,
Qwen Plus,level-4,eval_results_qwen_plus/level-4/semidefinite_programming__basic_semidefinite_programming__qwen-plus.json,22,semidefinite_programming,hallucination,partial_reasoning_failure|partial_constraint_handling_failure,False,stop,448,2238,2,1,1,True,"Used the objective value at an explicitly infeasible point as the final answer, after recognizing constraint violations.",False,,,,,,0,False,,,,,
Qwen Plus,level-4,eval_results_qwen_plus/level-4/semidefinite_programming__basic_semidefinite_programming__qwen-plus.json,23,semidefinite_programming,partial_constraint_handling_failure,partial_reasoning_failure|arithmetic_failure,False,stop,439,2808,2,1,1,False,"The model provides only a heuristic estimate based on an approximate direction (X ≈ t*A₁) and does not prove feasibility or optimality, resulting in approach and constraint scores of 1.",True,"Computation of <C, A_1>: model claims sum is -29.5.",-29.5,-40.0,large (> 20%),True,0,False,,,,,
Qwen Plus,level-4,eval_results_qwen_plus/level-4/semidefinite_programming__basic_semidefinite_programming__qwen-plus.json,24,semidefinite_programming,hallucination,partial_reasoning_failure|partial_constraint_handling_failure,False,stop,444,2454,2,1,1,True,"The model knowingly used an infeasible point as the solution after recognizing constraint violations, then still reported the objective value at that point as the minimum.",False,,,,,,0,False,,,,,
Qwen Plus,level-5,eval_results_qwen_plus/level-5/geometric__basic_geometric_programming__qwen-plus.json,0,geometric,partial_constraint_handling_failure,partial_reasoning_failure,False,stop,347,588,2,1,1,False,Only samples a feasible point and checks constraints there—does not prove global optimality nor analyze active constraints.,False,,,,,,0,False,,,,,
Qwen Plus,level-5,eval_results_qwen_plus/level-5/geometric__basic_geometric_programming__qwen-plus.json,1,geometric,partial_reasoning_failure,arithmetic_failure,False,stop,342,4830,2,1,2,False,"The model used point sampling without a method to prove global optimality (no KKT, convexity, or active-set justification), so approach_score=1.",True,"Computation of term 9*x1^-1*x2^-1*x3^2 for x1=0.65, x2=1.85, x3=1.37",14.03,10.9,large (> 20%),True,0,False,,,,,
Qwen Plus,level-5,eval_results_qwen_plus/level-5/geometric__basic_geometric_programming__qwen-plus.json,2,geometric,partial_reasoning_failure,,False,stop,347,1859,2,1,2,False,Did not attempt global optimality proof or mathematical optimization method; relied solely on feasible point sampling.,False,,,,,,0,False,,,,,
Qwen Plus,level-5,eval_results_qwen_plus/level-5/geometric__basic_geometric_programming__qwen-plus.json,3,geometric,partial_constraint_handling_failure,partial_reasoning_failure,False,stop,334,738,2,1,1,False,Did not attempt or justify global optimality; approach is only feasible-point checking.,False,,,,,,0,False,,,,,
Qwen Plus,level-5,eval_results_qwen_plus/level-5/geometric__basic_geometric_programming__qwen-plus.json,4,geometric,partial_constraint_handling_failure,partial_reasoning_failure,False,stop,340,1824,2,1,1,False,"No proof of global optimality—only feasible point sampling and selection, which at best supports that 16.92 is feasible but not that it is the constrained minimum.",False,,,,,,0,False,,,,,
Qwen Plus,level-5,eval_results_qwen_plus/level-5/geometric__basic_geometric_programming__qwen-plus.json,5,geometric,partial_constraint_handling_failure,partial_reasoning_failure,False,stop,340,4871,2,1,1,False,"Did not prove global optimality—relied only on sampling feasible points and picking the lowest computed objective among them, without justification that this covers all minima.",False,,,,,,0,False,,,,,
Qwen Plus,level-5,eval_results_qwen_plus/level-5/geometric__basic_geometric_programming__qwen-plus.json,6,geometric,partial_constraint_handling_failure,partial_reasoning_failure,False,stop,340,6529,2,1,1,False,"No proof of global optimality—uses point sampling, not an optimization proof.",False,,,,,,0,False,,,,,
Qwen Plus,level-5,eval_results_qwen_plus/level-5/geometric__basic_geometric_programming__qwen-plus.json,7,geometric,partial_reasoning_failure,,False,stop,338,1954,2,1,2,False,Did not prove global optimality; only sampled points.,False,,,,,,0,False,,,,,
Qwen Plus,level-5,eval_results_qwen_plus/level-5/geometric__basic_geometric_programming__qwen-plus.json,8,geometric,partial_reasoning_failure,,False,stop,345,2881,2,1,2,False,Solution approach: point sampling selects a feasible candidate but global optimality is not proved.,False,,,,,,0,False,,,,,
Qwen Plus,level-5,eval_results_qwen_plus/level-5/geometric__basic_geometric_programming__qwen-plus.json,9,geometric,partial_constraint_handling_failure,partial_reasoning_failure|arithmetic_failure,False,stop,328,4065,2,1,1,False,"Failed to provide a mathematically valid global optimality argument: restricting the search to a specific (x1, x2, x3) subspace was not justified as containing the true optimizer.",True,Model evaluated second term of objective as 2/(0.5*1.32)*2.165 instead of 2/(0.5)*1.32*2.165,6.56,11.43,large (> 20%),False,0,False,,,,,
Qwen Plus,level-5,eval_results_qwen_plus/level-5/geometric__basic_geometric_programming__qwen-plus.json,10,geometric,partial_constraint_handling_failure,partial_reasoning_failure,False,stop,336,2070,2,1,1,False,Did not prove global optimality; only sampled plausible points and chose the lowest feasible objective value. Did not justify no better solution exists.,False,,,,,,0,False,,,,,
Qwen Plus,level-5,eval_results_qwen_plus/level-5/geometric__basic_geometric_programming__qwen-plus.json,11,geometric,partial_reasoning_failure,,False,stop,331,588,2,1,2,False,Did not attempt or justify global optimality; only sampled points and selected a feasible value.,False,,,,,,0,False,,,,,
Qwen Plus,level-5,eval_results_qwen_plus/level-5/geometric__basic_geometric_programming__qwen-plus.json,12,geometric,partial_reasoning_failure,,False,stop,331,1865,2,1,2,False,No method was used to establish global optimality; the model only sampled feasible points without proving minimality beyond those trials.,False,,,,,,0,False,,,,,
Qwen Plus,level-5,eval_results_qwen_plus/level-5/geometric__basic_geometric_programming__qwen-plus.json,13,geometric,partial_reasoning_failure,arithmetic_failure,False,stop,328,2448,2,1,2,False,The solution fails to prove global optimality—it uses point sampling rather than an argument or necessary conditions to confirm the candidate is the true global minimum.,True,"Objective calculation at x1=1.6, x2=1.2, x3=1.5",28.42,25.791,medium (5-20%),False,0,False,,,,,
Qwen Plus,level-5,eval_results_qwen_plus/level-5/geometric__basic_geometric_programming__qwen-plus.json,14,geometric,partial_reasoning_failure,,False,stop,342,690,2,1,2,False,No global optimality argument; only a single feasible point is sampled and tested.,False,,,,,,0,False,,,,,
Qwen Plus,level-5,eval_results_qwen_plus/level-5/geometric__basic_geometric_programming__qwen-plus.json,15,geometric,partial_reasoning_failure,dismissed_correct_answer,False,stop,338,5958,2,1,2,False,"No global optimality argument—justified only by a feasible sampled point, not by global analysis.",False,,,,,,0,True,9.613,0.00,False,dismissed,
Qwen Plus,level-5,eval_results_qwen_plus/level-5/geometric__basic_geometric_programming__qwen-plus.json,16,geometric,partial_constraint_handling_failure,partial_reasoning_failure,False,stop,344,2213,2,1,1,False,Lack of global optimality proof: only point sampling without proof that the selected point is best.,False,,,,,,0,False,,,,,
Qwen Plus,level-5,eval_results_qwen_plus/level-5/geometric__basic_geometric_programming__qwen-plus.json,17,geometric,partial_reasoning_failure,,False,stop,336,3893,2,1,2,False,Pointwise feasible sampling is not a global optimality proof.,False,,,,,,0,False,,,,,
Qwen Plus,level-5,eval_results_qwen_plus/level-5/geometric__basic_geometric_programming__qwen-plus.json,18,geometric,partial_reasoning_failure,,False,stop,334,3031,2,1,2,False,Did not prove global optimality; only sampled feasible points and picked the lowest found.,False,,,,,,0,False,,,,,
Qwen Plus,level-5,eval_results_qwen_plus/level-5/geometric__basic_geometric_programming__qwen-plus.json,19,geometric,partial_constraint_handling_failure,partial_reasoning_failure,False,stop,328,2815,2,1,1,False,Did not prove global optimality—relied on point sampling and local examination rather than active-set/KKT analysis or full boundary consideration.,False,,,,,,0,False,,,,,
Qwen Plus,level-5,eval_results_qwen_plus/level-5/geometric__basic_geometric_programming__qwen-plus.json,20,geometric,partial_reasoning_failure,,False,stop,348,632,2,1,2,False,Did not prove global optimality; only tested a feasible point and reported its value as the answer.,False,,,,,,0,False,,,,,
Qwen Plus,level-5,eval_results_qwen_plus/level-5/geometric__basic_geometric_programming__qwen-plus.json,21,geometric,partial_reasoning_failure,,False,stop,322,1373,2,1,2,False,Stopped at feasible sampled point without proof of optimality.,False,,,,,,0,False,,,,,
Qwen Plus,level-5,eval_results_qwen_plus/level-5/geometric__basic_geometric_programming__qwen-plus.json,22,geometric,partial_constraint_handling_failure,partial_reasoning_failure,False,stop,333,4604,2,1,1,False,"Point sampling with constraint checking does not prove global optimality; no KKT, boundary analysis, or convexity argument is given.",False,,,,,,0,False,,,,,
Qwen Plus,level-5,eval_results_qwen_plus/level-5/geometric__basic_geometric_programming__qwen-plus.json,23,geometric,partial_reasoning_failure,,False,stop,343,3570,2,1,2,False,"No global optimality proof—solution is by point sampling, not a justified minimizer.",False,,,,,,0,False,,,,,
Qwen Plus,level-5,eval_results_qwen_plus/level-5/linear_programming__non_trivial_linear_programming__qwen-plus.json,0,linear_programming,hallucination,partial_reasoning_failure|partial_constraint_handling_failure,False,stop,338,5386,2,1,1,True,Reported a final objective value after finding no feasible candidate.,False,,,,,,0,False,,,,,
Qwen Plus,level-5,eval_results_qwen_plus/level-5/linear_programming__non_trivial_linear_programming__qwen-plus.json,1,linear_programming,partial_constraint_handling_failure,partial_reasoning_failure,False,stop,334,2244,2,1,1,False,"Did not justify global optimality or analyze all potential optima; only sampled trial points and picked the best found, leaving out a proof that better values are impossible.",False,,,,,,0,False,,,,,
Qwen Plus,level-5,eval_results_qwen_plus/level-5/linear_programming__non_trivial_linear_programming__qwen-plus.json,2,linear_programming,partial_reasoning_failure,,False,stop,335,3494,2,1,2,False,Did not prove global optimality; selected best found feasible point without ruling out other vertices or directions.,False,,,,,,0,False,,,,,
Qwen Plus,level-5,eval_results_qwen_plus/level-5/linear_programming__non_trivial_linear_programming__qwen-plus.json,3,linear_programming,no_correct_value_found,,False,stop,333,2888,2,2,2,False,Minor arithmetic inaccuracy in the objective value; all reasoning steps and constraint logic are valid.,False,,,,,,0,False,,,,,
Qwen Plus,level-5,eval_results_qwen_plus/level-5/linear_programming__non_trivial_linear_programming__qwen-plus.json,4,linear_programming,partial_constraint_handling_failure,partial_reasoning_failure,False,stop,335,3027,2,1,1,False,"Search is unjustifiably restricted to x3=0, x4=0; global optimality is not established because other basic feasible vertices with nonzero x3/x4 are not considered.",False,,,,,,0,False,,,,,
Qwen Plus,level-5,eval_results_qwen_plus/level-5/linear_programming__non_trivial_linear_programming__qwen-plus.json,5,linear_programming,partial_reasoning_failure,,False,stop,339,2204,2,1,2,False,Did not prove global optimality—stopped after finding one feasible point and did not fully explore or optimize over all vertices.,False,,,,,,0,False,,,,,
Qwen Plus,level-5,eval_results_qwen_plus/level-5/linear_programming__non_trivial_linear_programming__qwen-plus.json,6,linear_programming,partial_constraint_handling_failure,partial_reasoning_failure,False,stop,339,4425,2,1,1,False,Did not prove global optimality or analyze all candidate vertices; stopped at first feasible sample point instead of systematically solving the LP.,False,,,,,,0,False,,,,,
Qwen Plus,level-5,eval_results_qwen_plus/level-5/linear_programming__non_trivial_linear_programming__qwen-plus.json,7,linear_programming,partial_reasoning_failure,,False,stop,337,2971,2,1,2,False,Did not justify why the restricted subspace and chosen active constraints cover the global optimum; did not consider or rule out alternative optima on other boundaries or with different active constraints.,False,,,,,,0,False,,,,,
Qwen Plus,level-5,eval_results_qwen_plus/level-5/linear_programming__non_trivial_linear_programming__qwen-plus.json,8,linear_programming,partial_reasoning_failure,dismissed_correct_answer,False,stop,331,3799,2,1,2,False,"No justification for global optimality; only feasible point sampling, not a proof.",False,,,,,,0,True,22.0,0.00,False,dismissed,"The model calculated the correct value but ruled it out due to feasibility checks, explicitly stating the constraint that prevented it and accepting a higher objective."
Qwen Plus,level-5,eval_results_qwen_plus/level-5/linear_programming__non_trivial_linear_programming__qwen-plus.json,9,linear_programming,partial_reasoning_failure,,False,stop,337,5546,2,1,2,False,Did not provide a full proof of global optimality and relied on a restricted subspace and point testing.,False,,,,,,0,False,,,,,
Qwen Plus,level-5,eval_results_qwen_plus/level-5/linear_programming__non_trivial_linear_programming__qwen-plus.json,10,linear_programming,partial_constraint_handling_failure,partial_reasoning_failure,False,stop,333,3935,2,1,1,False,The model does not prove global optimality; it settles for point testing and does not establish that its candidate is the true minimizer.,False,,,,,,0,False,,,,,
Qwen Plus,level-5,eval_results_qwen_plus/level-5/linear_programming__non_trivial_linear_programming__qwen-plus.json,11,linear_programming,partial_reasoning_failure,,False,stop,341,3303,2,1,2,False,"Only a single vertex solution was examined, insufficient to establish global optimality for the linear program.",False,,,,,,0,False,,,,,
Qwen Plus,level-5,eval_results_qwen_plus/level-5/linear_programming__non_trivial_linear_programming__qwen-plus.json,12,linear_programming,partial_constraint_handling_failure,partial_reasoning_failure,False,stop,337,3798,2,1,1,False,Global optimality not established; point sampling without proof.,False,,,,,,0,False,,,,,
Qwen Plus,level-5,eval_results_qwen_plus/level-5/linear_programming__non_trivial_linear_programming__qwen-plus.json,13,linear_programming,partial_constraint_handling_failure,partial_reasoning_failure,False,stop,337,1738,2,1,1,False,Did not prove global optimality—only checked a feasible point; approach incomplete.,False,,,,,,0,False,,,,,
Qwen Plus,level-5,eval_results_qwen_plus/level-5/quadratic_constrained_quadratic_programming__basic_qcqp__qwen-plus.json,0,qcqp,partial_reasoning_failure,arithmetic_failure,False,stop,553,1214,2,1,2,False,Global optimality is not established; potential active-constraint minima are not considered or analyzed beyond the unconstrained solution.,True,Solving the linear system Q_0 x = -c_0 for x* (unconstrained minimizer).,"[0.418, -0.212, -0.179, -0.147]","[0.5543, -0.4317, 0.0268, -0.2629]",large (> 20%),True,0,False,,,,,
Qwen Plus,level-5,eval_results_qwen_plus/level-5/quadratic_constrained_quadratic_programming__basic_qcqp__qwen-plus.json,1,qcqp,arithmetic_failure,no_correct_value_found,False,stop,553,834,2,2,2,False,"arithmetic: numeric value for the minimum is incorrect, but the solution approach and constraint logic are fully valid.",True,"Solving Q_0 x = -c_0: The model claims x* ≈ [0.15, -0.05, -0.12, 0.08], but this is not correct. Let's check Q_0^{-1} c_0 numerically.","[0.15, -0.05, -0.12, 0.08]","[0.4354688, 0.15983358, -0.35363458, -0.17725376]",large (> 20%),True,0,False,,,,,
Qwen Plus,level-5,eval_results_qwen_plus/level-5/quadratic_constrained_quadratic_programming__basic_qcqp__qwen-plus.json,2,qcqp,partial_constraint_handling_failure,partial_reasoning_failure,False,stop,550,3269,2,1,1,False,"Feasibility of quadratic constraints is estimated, not explicitly checked; global optimality argument incomplete.",False,,,,,,0,False,,,,,
Qwen Plus,level-5,eval_results_qwen_plus/level-5/quadratic_constrained_quadratic_programming__basic_qcqp__qwen-plus.json,3,qcqp,partial_constraint_handling_failure,partial_reasoning_failure|arithmetic_failure,False,stop,554,733,2,1,1,False,Did not check all constraints for feasibility and did not justify global optimality—relied only on unconstrained minimizer.,True,Computation of objective at x* = -Q_0^{-1}c_0,-1.208,-1.41417,medium (5-20%),False,0,False,,,,,
Qwen Plus,level-5,eval_results_qwen_plus/level-5/quadratic_constrained_quadratic_programming__basic_qcqp__qwen-plus.json,4,qcqp,partial_reasoning_failure,,False,stop,554,2730,2,1,2,False,"The model does not justify global optimality, as it stops after feasible point testing without ruling out better solutions or attempting a full constrained minimization.",False,,,,,,0,False,,,,,
Qwen Plus,level-5,eval_results_qwen_plus/level-5/quadratic_constrained_quadratic_programming__basic_qcqp__qwen-plus.json,5,qcqp,partial_constraint_handling_failure,partial_reasoning_failure|arithmetic_failure,False,stop,556,2774,2,1,1,False,Did not prove global optimality: only point-tested unconstrained minimizer and claimed feasibility by estimation instead of verifying quadratic constraints directly.,True,Solving Q_0 x* = -c_0 for the unconstrained optimum x* (the provided x* does not satisfy the system).,"x* ≈ [0.4, -0.14, -0.076, 0.295] (does not yield -c_0)","x* = numpy.linalg.solve(Q_0, -c_0), which numerically yields x* ≈ [0.60615, 0.06041, -0.49255, 0.11187] (rounded to 5 decimals)",large (> 20%),True,0,False,,,,,
Qwen Plus,level-5,eval_results_qwen_plus/level-5/quadratic_constrained_quadratic_programming__basic_qcqp__qwen-plus.json,6,qcqp,partial_constraint_handling_failure,partial_reasoning_failure,False,stop,554,710,2,1,1,False,"Incomplete approach: stops after first feasible x=0, does not provide a global optimality proof or fully investigate lower objective values, and does not prove x=0 is optimal.",False,,,,,,0,False,,,,,
